 Indian/Mauritius, 2022-09-23 03:14:06.788963+04
 Indian/Chagos, 2022-09-23 05:14:06.789709+06
 Indian/Mayotte, 2022-09-23 02:14:06.790219+03
 Indian/Christmas, 2022-09-23 06:14:06.790571+07
 Indian/Cocos, 2022-09-23 05:44:06.790938+06:30
 Indian/Maldives, 2022-09-23 04:14:06.791216+05
 Indian/Comoro, 2022-09-23 02:14:06.791472+03
 Indian/Reunion, 2022-09-23 03:14:06.791761+04
 Indian/Mahe, 2022-09-23 03:14:06.792024+04
 Indian/Kerguelen, 2022-09-23 04:14:06.792316+05
 Indian/Antananarivo, 2022-09-23 02:14:06.792611+03
 Atlantic/Faroe, 2022-09-23 00:14:06.792955+01
 Atlantic/Canary, 2022-09-23 00:14:06.793383+01
 Atlantic/Stanley, 2022-09-22 20:14:06.793725-03
 Atlantic/Bermuda, 2022-09-22 20:14:06.794064-03
 Atlantic/South_Georgia, 2022-09-22 21:14:06.79435-02
 Atlantic/St_Helena, 2022-09-22 23:14:06.794613+00
 Atlantic/Jan_Mayen, 2022-09-23 01:14:06.794943+02
 Atlantic/Faeroe, 2022-09-23 00:14:06.795243+01
 Atlantic/Reykjavik, 2022-09-22 23:14:06.795494+00
 Atlantic/Cape_Verde, 2022-09-22 22:14:06.795846-01
 Atlantic/Azores, 2022-09-22 23:14:06.796208+00
 Atlantic/Madeira, 2022-09-23 00:14:06.796563+01
 CST6CDT, 2022-09-22 18:14:06.796853-05
 Poland, 2022-09-23 01:14:06.797151+02
 US/Alaska, 2022-09-22 15:14:06.797459-08
 US/Pacific, 2022-09-22 16:14:06.797772-07
 US/Eastern, 2022-09-22 19:14:06.798076-04
 US/Michigan, 2022-09-22 19:14:06.798364-04
 US/Arizona, 2022-09-22 16:14:06.798614-07
 US/Indiana-Starke, 2022-09-22 18:14:06.798905-05
 US/Aleutian, 2022-09-22 14:14:06.799192-09
 US/Hawaii, 2022-09-22 13:14:06.799439-10
 US/East-Indiana, 2022-09-22 19:14:06.79973-04
 US/Central, 2022-09-22 18:14:06.800019-05
 US/Mountain, 2022-09-22 17:14:06.800314-06
 US/Samoa, 2022-09-22 12:14:06.800586-11
 Kwajalein, 2022-09-23 11:14:06.800843+12
 Brazil/DeNoronha, 2022-09-22 21:14:06.801145-02
 Brazil/Acre, 2022-09-22 18:14:06.801417-05
 Brazil/East, 2022-09-22 20:14:06.80169-03
 Brazil/West, 2022-09-22 19:14:06.802055-04
 Pacific/Port_Moresby, 2022-09-23 09:14:06.802397+10
 Pacific/Chuuk, 2022-09-23 09:14:06.802746+10
 Pacific/Easter, 2022-09-22 18:14:06.803139-05
 Pacific/Kwajalein, 2022-09-23 11:14:06.803518+12
 Pacific/Tongatapu, 2022-09-23 12:14:06.803824+13
 Pacific/Yap, 2022-09-23 09:14:06.80412+10
 Pacific/Wallis, 2022-09-23 11:14:06.804403+12
 Pacific/Apia, 2022-09-23 12:14:06.804702+13
 Pacific/Norfolk, 2022-09-23 10:14:06.805025+11
 Pacific/Efate, 2022-09-23 10:14:06.805328+11
 Pacific/Fiji, 2022-09-23 11:14:06.805677+12
 Pacific/Funafuti, 2022-09-23 11:14:06.805937+12
 Pacific/Palau, 2022-09-23 08:14:06.806257+09
 Pacific/Guam, 2022-09-23 09:14:06.806536+10
 Pacific/Saipan, 2022-09-23 09:14:06.806921+10
 Pacific/Kosrae, 2022-09-23 10:14:06.807257+11
 Pacific/Niue, 2022-09-22 12:14:06.80751-11
 Pacific/Ponape, 2022-09-23 10:14:06.807795+11
 Pacific/Wake, 2022-09-23 11:14:06.808036+12
 Pacific/Galapagos, 2022-09-22 17:14:06.80831-06
 Pacific/Johnston, 2022-09-22 13:14:06.808554-10
 Pacific/Midway, 2022-09-22 12:14:06.808807-11
 Pacific/Nauru, 2022-09-23 11:14:06.809083+12
 Pacific/Guadalcanal, 2022-09-23 10:14:06.809318+11
 Pacific/Chatham, 2022-09-23 11:59:06.80959+12:45
 Pacific/Auckland, 2022-09-23 11:14:06.809861+12
 Pacific/Noumea, 2022-09-23 10:14:06.810087+11
 Pacific/Fakaofo, 2022-09-23 12:14:06.81033+13
 Pacific/Tahiti, 2022-09-22 13:14:06.810568-10
 Pacific/Gambier, 2022-09-22 14:14:06.810856-09
 Pacific/Majuro, 2022-09-23 11:14:06.811093+12
 Pacific/Honolulu, 2022-09-22 13:14:06.811328-10
 Pacific/Pohnpei, 2022-09-23 10:14:06.811647+11
 Pacific/Pago_Pago, 2022-09-22 12:14:06.811899-11
 Pacific/Truk, 2022-09-23 09:14:06.812138+10
 Pacific/Pitcairn, 2022-09-22 15:14:06.812403-08
 Pacific/Marquesas, 2022-09-22 13:44:06.812638-09:30
 Pacific/Kanton, 2022-09-23 12:14:06.812868+13
 Pacific/Bougainville, 2022-09-23 10:14:06.813095+11
 Pacific/Tarawa, 2022-09-23 11:14:06.813318+12
 Pacific/Rarotonga, 2022-09-22 13:14:06.813554-10
 Pacific/Samoa, 2022-09-22 12:14:06.813801-11
 Pacific/Kiritimati, 2022-09-23 13:14:06.814144+14
 Pacific/Enderbury, 2022-09-23 12:14:06.814414+13
 MST, 2022-09-22 16:14:06.814624-07
 NZ, 2022-09-23 11:14:06.814856+12
 Arctic/Longyearbyen, 2022-09-23 01:14:06.81519+02
 Universal, 2022-09-22 23:14:06.815383+00
 Libya, 2022-09-23 01:14:06.815577+02
 Turkey, 2022-09-23 02:14:06.815844+03
 EST5EDT, 2022-09-22 19:14:06.816149-04
 Greenwich, 2022-09-22 23:14:06.816384+00
 America/Puerto_Rico, 2022-09-22 19:14:06.816695-04
 America/Recife, 2022-09-22 20:14:06.817069-03
 America/Resolute, 2022-09-22 18:14:06.817406-05
 America/Manaus, 2022-09-22 19:14:06.817699-04
 America/New_York, 2022-09-22 19:14:06.818034-04
 America/Rankin_Inlet, 2022-09-22 18:14:06.818412-05
 America/Lima, 2022-09-22 18:14:06.818729-05
 America/St_Barthelemy, 2022-09-22 19:14:06.819116-04
 America/Santo_Domingo, 2022-09-22 19:14:06.81947-04
 America/Detroit, 2022-09-22 19:14:06.819865-04
 America/Paramaribo, 2022-09-22 20:14:06.820186-03
 America/Yakutat, 2022-09-22 15:14:06.820573-08
 America/Santarem, 2022-09-22 20:14:06.820908-03
 America/Punta_Arenas, 2022-09-22 20:14:06.821229-03
 America/Scoresbysund, 2022-09-22 23:14:06.8216+00
 America/Santiago, 2022-09-22 20:14:06.822032-03
 America/Guyana, 2022-09-22 19:14:06.822417-04
 America/Coral_Harbour, 2022-09-22 18:14:06.822851-05
 America/Rio_Branco, 2022-09-22 18:14:06.823183-05
 America/Porto_Acre, 2022-09-22 18:14:06.823551-05
 America/Nipigon, 2022-09-22 19:14:06.824023-04
 America/Edmonton, 2022-09-22 17:14:06.82439-06
 America/Port_of_Spain, 2022-09-22 19:14:06.824716-04
 America/Lower_Princes, 2022-09-22 19:14:06.825068-04
 America/St_Thomas, 2022-09-22 19:14:06.82539-04
 America/Guatemala, 2022-09-22 17:14:06.825712-06
 America/Catamarca, 2022-09-22 20:14:06.826075-03
 America/Antigua, 2022-09-22 19:14:06.826394-04
 America/Porto_Velho, 2022-09-22 19:14:06.826722-04
 America/Rosario, 2022-09-22 20:14:06.827033-03
 America/Chicago, 2022-09-22 18:14:06.827378-05
 America/Creston, 2022-09-22 16:14:06.827701-07
 America/Managua, 2022-09-22 17:14:06.828007-06
 America/Nassau, 2022-09-22 19:14:06.82836-04
 America/Bogota, 2022-09-22 18:14:06.828691-05
 America/Cancun, 2022-09-22 18:14:06.829003-05
 America/Chihuahua, 2022-09-22 17:14:06.829411-06
 America/Campo_Grande, 2022-09-22 19:14:06.829778-04
 America/Halifax, 2022-09-22 20:14:06.830123-03
 America/Boise, 2022-09-22 17:14:06.830467-06
 America/Montreal, 2022-09-22 19:14:06.830819-04
 America/Goose_Bay, 2022-09-22 20:14:06.831176-03
 America/Sao_Paulo, 2022-09-22 20:14:06.831475-03
 America/Blanc-Sablon, 2022-09-22 19:14:06.83177-04
 America/Phoenix, 2022-09-22 16:14:06.832065-07
 America/Atikokan, 2022-09-22 18:14:06.832365-05
 America/Cayenne, 2022-09-22 20:14:06.832693-03
 America/Nuuk, 2022-09-22 21:14:06.833036-02
 America/Santa_Isabel, 2022-09-22 16:14:06.83338-07
 America/Boa_Vista, 2022-09-22 19:14:06.833678-04
 America/Bahia_Banderas, 2022-09-22 18:14:06.834021-05
 America/Indiana/Vevay, 2022-09-22 19:14:06.834418-04
 America/Indiana/Indianapolis, 2022-09-22 19:14:06.834893-04
 America/Indiana/Winamac, 2022-09-22 19:14:06.835268-04
 America/Indiana/Tell_City, 2022-09-22 18:14:06.835626-05
 America/Indiana/Petersburg, 2022-09-22 19:14:06.836028-04
 America/Indiana/Vincennes, 2022-09-22 19:14:06.836384-04
 America/Indiana/Knox, 2022-09-22 18:14:06.83675-05
 America/Indiana/Marengo, 2022-09-22 19:14:06.837133-04
 America/Indianapolis, 2022-09-22 19:14:06.837478-04
 America/Dominica, 2022-09-22 19:14:06.837809-04
 America/Argentina/Salta, 2022-09-22 20:14:06.838187-03
 America/Argentina/Ushuaia, 2022-09-22 20:14:06.838514-03
 America/Argentina/Catamarca, 2022-09-22 20:14:06.838838-03
 America/Argentina/ComodRivadavia, 2022-09-22 20:14:06.839195-03
 America/Argentina/San_Juan, 2022-09-22 20:14:06.839528-03
 America/Argentina/San_Luis, 2022-09-22 20:14:06.839851-03
 America/Argentina/Rio_Gallegos, 2022-09-22 20:14:06.840221-03
 America/Argentina/Jujuy, 2022-09-22 20:14:06.840544-03
 America/Argentina/Tucuman, 2022-09-22 20:14:06.840863-03
 America/Argentina/Buenos_Aires, 2022-09-22 20:14:06.841202-03
 America/Argentina/Cordoba, 2022-09-22 20:14:06.841528-03
 America/Argentina/La_Rioja, 2022-09-22 20:14:06.84185-03
 America/Argentina/Mendoza, 2022-09-22 20:14:06.842212-03
 America/La_Paz, 2022-09-22 19:14:06.842542-04
 America/Dawson, 2022-09-22 16:14:06.842848-07
 America/Moncton, 2022-09-22 20:14:06.843218-03
 America/Matamoros, 2022-09-22 18:14:06.843569-05
 America/St_Vincent, 2022-09-22 19:14:06.843881-04
 America/Regina, 2022-09-22 17:14:06.844188-06
 America/Yellowknife, 2022-09-22 17:14:06.844584-06
 America/Rainy_River, 2022-09-22 18:14:06.844924-05
 America/Kralendijk, 2022-09-22 19:14:06.845218-04
 America/Monterrey, 2022-09-22 18:14:06.845565-05
 America/Jamaica, 2022-09-22 18:14:06.84593-05
 America/Havana, 2022-09-22 19:14:06.846267-04
 America/Tegucigalpa, 2022-09-22 17:14:06.84657-06
 America/Guayaquil, 2022-09-22 18:14:06.846865-05
 America/Metlakatla, 2022-09-22 15:14:06.847199-08
 America/Mazatlan, 2022-09-22 17:14:06.847546-06
 America/Belize, 2022-09-22 17:14:06.847857-06
 America/Knox_IN, 2022-09-22 18:14:06.848216-05
 America/Cuiaba, 2022-09-22 19:14:06.848519-04
 America/Merida, 2022-09-22 18:14:06.848861-05
 America/Jujuy, 2022-09-22 20:14:06.849188-03
 America/Cayman, 2022-09-22 18:14:06.849485-05
 America/Belem, 2022-09-22 20:14:06.849797-03
 America/Eirunepe, 2022-09-22 18:14:06.850095-05
 America/St_Lucia, 2022-09-22 19:14:06.850392-04
 America/Bahia, 2022-09-22 20:14:06.85073-03
 America/Whitehorse, 2022-09-22 16:14:06.851041-07
 America/Tortola, 2022-09-22 19:14:06.851342-04
 America/Vancouver, 2022-09-22 16:14:06.851741-07
 America/Inuvik, 2022-09-22 17:14:06.852127-06
 America/Port-au-Prince, 2022-09-22 19:14:06.852558-04
 America/Fortaleza, 2022-09-22 20:14:06.852894-03
 America/Noronha, 2022-09-22 21:14:06.853238-02
 America/Buenos_Aires, 2022-09-22 20:14:06.853548-03
 America/Los_Angeles, 2022-09-22 16:14:06.853891-07
 America/El_Salvador, 2022-09-22 17:14:06.854242-06
 America/Denver, 2022-09-22 17:14:06.854586-06
 America/Fort_Wayne, 2022-09-22 19:14:06.854922-04
 America/Kentucky/Louisville, 2022-09-22 19:14:06.855308-04
 America/Kentucky/Monticello, 2022-09-22 19:14:06.855673-04
 America/North_Dakota/New_Salem, 2022-09-22 18:14:06.856185-05
 America/North_Dakota/Center, 2022-09-22 18:14:06.856811-05
 America/North_Dakota/Beulah, 2022-09-22 18:14:06.857667-05
 America/Glace_Bay, 2022-09-22 20:14:06.858065-03
 America/Montserrat, 2022-09-22 19:14:06.858403-04
 America/Toronto, 2022-09-22 19:14:06.858836-04
 America/Panama, 2022-09-22 18:14:06.85915-05
 America/Cordoba, 2022-09-22 20:14:06.859613-03
 America/Louisville, 2022-09-22 19:14:06.860013-04
 America/Ensenada, 2022-09-22 16:14:06.860513-07
 America/Shiprock, 2022-09-22 17:14:06.860904-06
 America/Ojinaga, 2022-09-22 17:14:06.861264-06
 America/Thule, 2022-09-22 20:14:06.861637-03
 America/Caracas, 2022-09-22 19:14:06.861968-04
 America/Araguaina, 2022-09-22 20:14:06.862302-03
 America/Cambridge_Bay, 2022-09-22 17:14:06.862679-06
 America/Winnipeg, 2022-09-22 18:14:06.863033-05
 America/Grand_Turk, 2022-09-22 19:14:06.863399-04
 America/Virgin, 2022-09-22 19:14:06.863758-04
 America/Anchorage, 2022-09-22 15:14:06.864127-08
 America/Costa_Rica, 2022-09-22 17:14:06.86443-06
 America/Nome, 2022-09-22 15:14:06.864785-08
 America/Grenada, 2022-09-22 19:14:06.865113-04
 America/St_Johns, 2022-09-22 20:44:06.86548-02:30
 America/Atka, 2022-09-22 14:14:06.865825-09
 America/Asuncion, 2022-09-22 19:14:06.866166-04
 America/Hermosillo, 2022-09-22 16:14:06.86651-07
 America/Tijuana, 2022-09-22 16:14:06.866954-07
 America/Marigot, 2022-09-22 19:14:06.86736-04
 America/Juneau, 2022-09-22 15:14:06.867728-08
 America/Montevideo, 2022-09-22 20:14:06.868055-03
 America/Godthab, 2022-09-22 21:14:06.868471-02
 America/Guadeloupe, 2022-09-22 19:14:06.868791-04
 America/Maceio, 2022-09-22 20:14:06.869197-03
 America/Pangnirtung, 2022-09-22 19:14:06.86955-04
 America/St_Kitts, 2022-09-22 19:14:06.86986-04
 America/Barbados, 2022-09-22 19:14:06.870159-04
 America/Iqaluit, 2022-09-22 19:14:06.870517-04
 America/Menominee, 2022-09-22 18:14:06.870909-05
 America/Martinique, 2022-09-22 19:14:06.871225-04
 America/Mexico_City, 2022-09-22 18:14:06.87135-05
 America/Swift_Current, 2022-09-22 17:14:06.871788-06
 America/Miquelon, 2022-09-22 21:14:06.872389-02
 America/Curacao, 2022-09-22 19:14:06.872716-04
 America/Dawson_Creek, 2022-09-22 16:14:06.873036-07
 America/Mendoza, 2022-09-22 20:14:06.873355-03
 America/Adak, 2022-09-22 14:14:06.873705-09
 America/Thunder_Bay, 2022-09-22 19:14:06.87408-04
 America/Aruba, 2022-09-22 19:14:06.874391-04
 America/Fort_Nelson, 2022-09-22 16:14:06.874744-07
 America/Sitka, 2022-09-22 15:14:06.875095-08
 America/Anguilla, 2022-09-22 19:14:06.875414-04
 America/Danmarkshavn, 2022-09-22 23:14:06.875722+00
 Australia/Melbourne, 2022-09-23 09:14:06.876049+10
 Australia/Queensland, 2022-09-23 09:14:06.876272+10
 Australia/North, 2022-09-23 08:44:06.876488+09:30
 Australia/Lord_Howe, 2022-09-23 09:44:06.876744+10:30
 Australia/Adelaide, 2022-09-23 08:44:06.877+09:30
 Australia/Yancowinna, 2022-09-23 08:44:06.877255+09:30
 Australia/Victoria, 2022-09-23 09:14:06.877527+10
 Australia/Canberra, 2022-09-23 09:14:06.877808+10
 Australia/Sydney, 2022-09-23 09:14:06.87808+10
 Australia/ACT, 2022-09-23 09:14:06.87835+10
 Australia/Eucla, 2022-09-23 07:59:06.878576+08:45
 Australia/Brisbane, 2022-09-23 09:14:06.878796+10
 Australia/Tasmania, 2022-09-23 09:14:06.87906+10
 Australia/Hobart, 2022-09-23 09:14:06.879337+10
 Australia/Perth, 2022-09-23 07:14:06.879559+08
 Australia/South, 2022-09-23 08:44:06.879822+09:30
 Australia/Lindeman, 2022-09-23 09:14:06.880038+10
 Australia/Darwin, 2022-09-23 08:44:06.880259+09:30
 Australia/West, 2022-09-23 07:14:06.880521+08
 Australia/LHI, 2022-09-23 09:44:06.88078+10:30
 Australia/NSW, 2022-09-23 09:14:06.881046+10
 Australia/Broken_Hill, 2022-09-23 08:44:06.88131+09:30
 Australia/Currie, 2022-09-23 09:14:06.881571+10
 Etc/GMT-10, 2022-09-23 09:14:06.881799+10
 Etc/GMT+12, 2022-09-22 11:14:06.882043-12
 Etc/GMT-11, 2022-09-23 10:14:06.882266+11
 Etc/Universal, 2022-09-22 23:14:06.88249+00
 Etc/Greenwich, 2022-09-22 23:14:06.882742+00
 Etc/GMT-6, 2022-09-23 05:14:06.882981+06
 Etc/GMT-1, 2022-09-23 00:14:06.883209+01
 Etc/GMT-8, 2022-09-23 07:14:06.883436+08
 Etc/GMT+4, 2022-09-22 19:14:06.883737-04
 Etc/GMT+3, 2022-09-22 20:14:06.884163-03
 Etc/GMT-9, 2022-09-23 08:14:06.884526+09
 Etc/GMT-0, 2022-09-22 23:14:06.884843+00
 Etc/GMT-7, 2022-09-23 06:14:06.885169+07
 Etc/GMT+2, 2022-09-22 21:14:06.885401-02
 Etc/GMT+5, 2022-09-22 18:14:06.885654-05
 Etc/GMT, 2022-09-22 23:14:06.88599+00
 Etc/Zulu, 2022-09-22 23:14:06.88623+00
 Etc/GMT+11, 2022-09-22 12:14:06.886483-11
 Etc/GMT-13, 2022-09-23 12:14:06.886745+13
 Etc/GMT-14, 2022-09-23 13:14:06.886976+14
 Etc/GMT+10, 2022-09-22 13:14:06.887299-10
 Etc/GMT-12, 2022-09-23 11:14:06.88755+12
 Etc/GMT0, 2022-09-22 23:14:06.887801+00
 Etc/UCT, 2022-09-22 23:14:06.888051+00
 Etc/GMT+0, 2022-09-22 23:14:06.888332+00
 Etc/GMT+7, 2022-09-22 16:14:06.888572-07
 Etc/GMT+9, 2022-09-22 14:14:06.888826-09
 Etc/GMT-2, 2022-09-23 01:14:06.889097+02
 Etc/GMT-5, 2022-09-23 04:14:06.889404+05
 Etc/GMT+8, 2022-09-22 15:14:06.889645-08
 Etc/GMT+6, 2022-09-22 17:14:06.889888-06
 Etc/GMT+1, 2022-09-22 22:14:06.890126-01
 Etc/UTC, 2022-09-22 23:14:06.890427+00
 Etc/GMT-4, 2022-09-23 03:14:06.890675+04
 Etc/GMT-3, 2022-09-23 02:14:06.890923+03
 NZ-CHAT, 2022-09-23 11:59:06.891162+12:45
 Asia/Dushanbe, 2022-09-23 04:14:06.891426+05
 Asia/Qostanay, 2022-09-23 05:14:06.891679+06
 Asia/Calcutta, 2022-09-23 04:44:06.891931+05:30
 Asia/Urumqi, 2022-09-23 05:14:06.892185+06
 Asia/Karachi, 2022-09-23 04:14:06.892463+05
 Asia/Khandyga, 2022-09-23 08:14:06.892787+09
 Asia/Thimbu, 2022-09-23 05:14:06.893044+06
 Asia/Thimphu, 2022-09-23 05:14:06.893328+06
 Asia/Vladivostok, 2022-09-23 09:14:06.893589+10
 Asia/Vientiane, 2022-09-23 06:14:06.893844+07
 Asia/Shanghai, 2022-09-23 07:14:06.894133+08
 Asia/Ulan_Bator, 2022-09-23 07:14:06.894391+08
 Asia/Aden, 2022-09-23 02:14:06.89464+03
 Asia/Muscat, 2022-09-23 03:14:06.894892+04
 Asia/Damascus, 2022-09-23 02:14:06.895189+03
 Asia/Jerusalem, 2022-09-23 02:14:06.895483+03
 Asia/Brunei, 2022-09-23 07:14:06.895736+08
 Asia/Ulaanbaatar, 2022-09-23 07:14:06.895998+08
 Asia/Amman, 2022-09-23 02:14:06.8963+03
 Asia/Kuching, 2022-09-23 07:14:06.896563+08
 Asia/Tel_Aviv, 2022-09-23 02:14:06.896881+03
 Asia/Seoul, 2022-09-23 08:14:06.897145+09
 Asia/Atyrau, 2022-09-23 04:14:06.8974+05
 Asia/Pyongyang, 2022-09-23 08:14:06.897654+09
 Asia/Hovd, 2022-09-23 06:14:06.897905+07
 Asia/Hebron, 2022-09-23 02:14:06.898205+03
 Asia/Kuwait, 2022-09-23 02:14:06.898457+03
 Asia/Tomsk, 2022-09-23 06:14:06.898794+07
 Asia/Manila, 2022-09-23 07:14:06.899064+08
 Asia/Chita, 2022-09-23 08:14:06.899479+09
 Asia/Katmandu, 2022-09-23 04:59:06.899775+05:45
 Asia/Gaza, 2022-09-23 02:14:06.900156+03
 Asia/Samarkand, 2022-09-23 04:14:06.900434+05
 Asia/Taipei, 2022-09-23 07:14:06.900695+08
 Asia/Tashkent, 2022-09-23 04:14:06.900956+05
 Asia/Yekaterinburg, 2022-09-23 04:14:06.901238+05
 Asia/Macau, 2022-09-23 07:14:06.901506+08
 Asia/Qyzylorda, 2022-09-23 04:14:06.901773+05
 Asia/Macao, 2022-09-23 07:14:06.90203+08
 Asia/Tokyo, 2022-09-23 08:14:06.902284+09
 Asia/Baku, 2022-09-23 03:14:06.90266+04
 Asia/Barnaul, 2022-09-23 06:14:06.902921+07
 Asia/Istanbul, 2022-09-23 02:14:06.903194+03
 Asia/Irkutsk, 2022-09-23 07:14:06.903475+08
 Asia/Qatar, 2022-09-23 02:14:06.903764+03
 Asia/Bahrain, 2022-09-23 02:14:06.904036+03
 Asia/Yangon, 2022-09-23 05:44:06.904336+06:30
 Asia/Yerevan, 2022-09-23 03:14:06.904646+04
 Asia/Almaty, 2022-09-23 05:14:06.904927+06
 Asia/Dili, 2022-09-23 08:14:06.905248+09
 Asia/Dacca, 2022-09-23 05:14:06.905573+06
 Asia/Chongqing, 2022-09-23 07:14:06.9061+08
 Asia/Ust-Nera, 2022-09-23 09:14:06.906408+10
 Asia/Magadan, 2022-09-23 10:14:06.906947+11
 Asia/Colombo, 2022-09-23 04:44:06.907268+05:30
 Asia/Krasnoyarsk, 2022-09-23 06:14:06.907565+07
 Asia/Kamchatka, 2022-09-23 11:14:06.907835+12
 Asia/Ujung_Pandang, 2022-09-23 07:14:06.908128+08
 Asia/Jakarta, 2022-09-23 06:14:06.908392+07
 Asia/Kolkata, 2022-09-23 04:44:06.908685+05:30
 Asia/Kabul, 2022-09-23 03:44:06.908991+04:30
 Asia/Oral, 2022-09-23 04:14:06.909259+05
 Asia/Jayapura, 2022-09-23 08:14:06.909526+09
 Asia/Pontianak, 2022-09-23 06:14:06.909807+07
 Asia/Makassar, 2022-09-23 07:14:06.910076+08
 Asia/Tbilisi, 2022-09-23 03:14:06.910343+04
 Asia/Singapore, 2022-09-23 07:14:06.910604+08
 Asia/Harbin, 2022-09-23 07:14:06.910871+08
 Asia/Kashgar, 2022-09-23 05:14:06.911127+06
 Asia/Dhaka, 2022-09-23 05:14:06.911388+06
 Asia/Yakutsk, 2022-09-23 08:14:06.911713+09
 Asia/Kuala_Lumpur, 2022-09-23 07:14:06.911983+08
 Asia/Tehran, 2022-09-23 02:44:06.912264+03:30
 Asia/Beirut, 2022-09-23 02:14:06.912587+03
 Asia/Aqtobe, 2022-09-23 04:14:06.912848+05
 Asia/Anadyr, 2022-09-23 11:14:06.913107+12
 Asia/Bishkek, 2022-09-23 05:14:06.913366+06
 Asia/Dubai, 2022-09-23 03:14:06.913653+04
 Asia/Riyadh, 2022-09-23 02:14:06.913922+03
 Asia/Novokuznetsk, 2022-09-23 06:14:06.914184+07
 Asia/Aqtau, 2022-09-23 04:14:06.914451+05
 Asia/Omsk, 2022-09-23 05:14:06.914739+06
 Asia/Ashkhabad, 2022-09-23 04:14:06.915019+05
 Asia/Saigon, 2022-09-23 06:14:06.915287+07
 Asia/Sakhalin, 2022-09-23 10:14:06.915552+11
 Asia/Hong_Kong, 2022-09-23 07:14:06.91584+08
 Asia/Phnom_Penh, 2022-09-23 06:14:06.916102+07
 Asia/Nicosia, 2022-09-23 02:14:06.916413+03
 Asia/Baghdad, 2022-09-23 02:14:06.916672+03
 Asia/Srednekolymsk, 2022-09-23 10:14:06.91694+11
 Asia/Ashgabat, 2022-09-23 04:14:06.917267+05
 Asia/Kathmandu, 2022-09-23 04:59:06.917553+05:45
 Asia/Choibalsan, 2022-09-23 07:14:06.917822+08
 Asia/Bangkok, 2022-09-23 06:14:06.91809+07
 Asia/Chungking, 2022-09-23 07:14:06.918374+08
 Asia/Novosibirsk, 2022-09-23 06:14:06.918654+07
 Asia/Famagusta, 2022-09-23 02:14:06.918964+03
 Asia/Rangoon, 2022-09-23 05:44:06.919309+06:30
 Asia/Ho_Chi_Minh, 2022-09-23 06:14:06.919588+07
 MET, 2022-09-23 01:14:06.919844+02
 Portugal, 2022-09-23 00:14:06.920092+01
 Antarctica/Palmer, 2022-09-22 20:14:06.920347-03
 Antarctica/Davis, 2022-09-23 06:14:06.920701+07
 Antarctica/Rothera, 2022-09-22 20:14:06.920979-03
 Antarctica/Vostok, 2022-09-23 05:14:06.921215+06
 Antarctica/Syowa, 2022-09-23 02:14:06.921665+03
 Antarctica/DumontDUrville, 2022-09-23 09:14:06.921961+10
 Antarctica/McMurdo, 2022-09-23 11:14:06.922223+12
 Antarctica/Macquarie, 2022-09-23 09:14:06.922755+10
 Antarctica/South_Pole, 2022-09-23 11:14:06.923094+12
 Antarctica/Troll, 2022-09-23 01:14:06.923392+02
 Antarctica/Mawson, 2022-09-23 04:14:06.923839+05
 Antarctica/Casey, 2022-09-23 10:14:06.924252+11
 GMT-0, 2022-09-22 23:14:06.924643+00
 CET, 2022-09-23 01:14:06.924954+02
 Eire, 2022-09-23 00:14:06.92526+01
 PST8PDT, 2022-09-22 16:14:06.925507-07
 Jamaica, 2022-09-22 18:14:06.925779-05
 GMT, 2022-09-22 23:14:06.925908+00
 Zulu, 2022-09-22 23:14:06.926111+00
 Japan, 2022-09-23 08:14:06.926305+09
 ROC, 2022-09-23 07:14:06.92649+08
 GB-Eire, 2022-09-23 00:14:06.926767+01
 Europe/Zurich, 2022-09-23 01:14:06.927055+02
 Europe/Paris, 2022-09-23 01:14:06.927337+02
 Europe/Moscow, 2022-09-23 02:14:06.927571+03
 Europe/Luxembourg, 2022-09-23 01:14:06.927852+02
 Europe/Ljubljana, 2022-09-23 01:14:06.928167+02
 Europe/Helsinki, 2022-09-23 02:14:06.928462+03
 Europe/Minsk, 2022-09-23 02:14:06.928753+03
 Europe/Skopje, 2022-09-23 01:14:06.929072+02
 Europe/Dublin, 2022-09-23 00:14:06.929378+01
 Europe/Jersey, 2022-09-23 00:14:06.929684+01
 Europe/San_Marino, 2022-09-23 01:14:06.930012+02
 Europe/Gibraltar, 2022-09-23 01:14:06.930316+02
 Europe/Belgrade, 2022-09-23 01:14:06.930614+02
 Europe/Guernsey, 2022-09-23 00:14:06.931033+01
 Europe/Ulyanovsk, 2022-09-23 03:14:06.931398+04
 Europe/Saratov, 2022-09-23 03:14:06.931674+04
 Europe/Vaduz, 2022-09-23 01:14:06.932038+02
 Europe/Istanbul, 2022-09-23 02:14:06.932312+03
 Europe/Lisbon, 2022-09-23 00:14:06.93262+01
 Europe/Uzhgorod, 2022-09-23 02:14:06.932917+03
 Europe/Kirov, 2022-09-23 02:14:06.933165+03
 Europe/Tirane, 2022-09-23 01:14:06.933473+02
 Europe/Tiraspol, 2022-09-23 02:14:06.933762+03
 Europe/Sarajevo, 2022-09-23 01:14:06.93405+02
 Europe/Madrid, 2022-09-23 01:14:06.934362+02
 Europe/Podgorica, 2022-09-23 01:14:06.934673+02
 Europe/Busingen, 2022-09-23 01:14:06.934971+02
 Europe/Vatican, 2022-09-23 01:14:06.935263+02
 Europe/Belfast, 2022-09-23 00:14:06.935573+01
 Europe/Bratislava, 2022-09-23 01:14:06.936104+02
 Europe/Kiev, 2022-09-23 02:14:06.936445+03
 Europe/Kaliningrad, 2022-09-23 01:14:06.936811+02
 Europe/Zaporozhye, 2022-09-23 02:14:06.937143+03
 Europe/Vienna, 2022-09-23 01:14:06.937484+02
 Europe/Budapest, 2022-09-23 01:14:06.937896+02
 Europe/Vilnius, 2022-09-23 02:14:06.938222+03
 Europe/Monaco, 2022-09-23 01:14:06.938557+02
 Europe/Oslo, 2022-09-23 01:14:06.938927+02
 Europe/Astrakhan, 2022-09-23 03:14:06.939183+04
 Europe/Simferopol, 2022-09-23 02:14:06.939662+03
 Europe/Volgograd, 2022-09-23 02:14:06.93992+03
 Europe/Isle_of_Man, 2022-09-23 00:14:06.940263+01
 Europe/London, 2022-09-23 00:14:06.940765+01
 Europe/Riga, 2022-09-23 02:14:06.941063+03
 Europe/Andorra, 2022-09-23 01:14:06.941356+02
 Europe/Prague, 2022-09-23 01:14:06.941649+02
 Europe/Berlin, 2022-09-23 01:14:06.941957+02
 Europe/Tallinn, 2022-09-23 02:14:06.94228+03
 Europe/Rome, 2022-09-23 01:14:06.942615+02
 Europe/Malta, 2022-09-23 01:14:06.942898+02
 Europe/Zagreb, 2022-09-23 01:14:06.943185+02
 Europe/Amsterdam, 2022-09-23 01:14:06.943469+02
 Europe/Nicosia, 2022-09-23 02:14:06.943751+03
 Europe/Bucharest, 2022-09-23 02:14:06.944031+03
 Europe/Copenhagen, 2022-09-23 01:14:06.944316+02
 Europe/Chisinau, 2022-09-23 02:14:06.944618+03
 Europe/Mariehamn, 2022-09-23 02:14:06.944904+03
 Europe/Sofia, 2022-09-23 02:14:06.945211+03
 Europe/Athens, 2022-09-23 02:14:06.945528+03
 Europe/Stockholm, 2022-09-23 01:14:06.945816+02
 Europe/Samara, 2022-09-23 03:14:06.946056+04
 Europe/Brussels, 2022-09-23 01:14:06.946338+02
 Europe/Warsaw, 2022-09-23 01:14:06.946613+02
 ROK, 2022-09-23 08:14:06.94679+09
 Navajo, 2022-09-22 17:14:06.94702-06
 Singapore, 2022-09-23 07:14:06.947245+08
 GB, 2022-09-23 00:14:06.94752+01
 Mexico/BajaNorte, 2022-09-22 16:14:06.947783-07
 Mexico/General, 2022-09-22 18:14:06.948062-05
 Mexico/BajaSur, 2022-09-22 17:14:06.948311-06
 EST, 2022-09-22 18:14:06.948511-05
 GMT0, 2022-09-22 23:14:06.948729+00
 Hongkong, 2022-09-23 07:14:06.948907+08
 PRC, 2022-09-23 07:14:06.949083+08
 Iran, 2022-09-23 02:44:06.949281+03:30
 MST7MDT, 2022-09-22 17:14:06.949496-06
 WET, 2022-09-23 00:14:06.949735+01
 W-SU, 2022-09-23 02:14:06.949984+03
 UCT, 2022-09-22 23:14:06.950168+00
 Cuba, 2022-09-22 19:14:06.95042-04
 Egypt, 2022-09-23 01:14:06.950634+02
 GMT+0, 2022-09-22 23:14:06.950823+00
 EET, 2022-09-23 02:14:06.951045+03
 Israel, 2022-09-23 02:14:06.951272+03
 Africa/Sao_Tome, 2022-09-22 23:14:06.95154+00
 Africa/Conakry, 2022-09-22 23:14:06.951848+00
 Africa/Dakar, 2022-09-22 23:14:06.952081+00
 Africa/Ndjamena, 2022-09-23 00:14:06.952332+01
 Africa/Casablanca, 2022-09-23 00:14:06.952733+01
 Africa/Lome, 2022-09-22 23:14:06.95299+00
 Africa/Algiers, 2022-09-23 00:14:06.953244+01
 Africa/Mogadishu, 2022-09-23 02:14:06.95351+03
 Africa/Lagos, 2022-09-23 00:14:06.953787+01
 Africa/Brazzaville, 2022-09-23 00:14:06.95406+01
 Africa/Timbuktu, 2022-09-22 23:14:06.954319+00
 Africa/Nouakchott, 2022-09-22 23:14:06.954569+00
 Africa/Maseru, 2022-09-23 01:14:06.954852+02
 Africa/Libreville, 2022-09-23 00:14:06.955112+01
 Africa/Harare, 2022-09-23 01:14:06.955348+02
 Africa/Malabo, 2022-09-23 00:14:06.955589+01
 Africa/Bangui, 2022-09-23 00:14:06.955979+01
 Africa/Nairobi, 2022-09-23 02:14:06.956298+03
 Africa/Kinshasa, 2022-09-23 00:14:06.956561+01
 Africa/Porto-Novo, 2022-09-23 00:14:06.956945+01
 Africa/Cairo, 2022-09-23 01:14:06.957458+02
 Africa/Douala, 2022-09-23 00:14:06.957745+01
 Africa/Juba, 2022-09-23 01:14:06.958014+02
 Africa/Gaborone, 2022-09-23 01:14:06.958292+02
 Africa/Tunis, 2022-09-23 00:14:06.958528+01
 Africa/Kampala, 2022-09-23 02:14:06.958767+03
 Africa/Mbabane, 2022-09-23 01:14:06.959278+02
 Africa/Addis_Ababa, 2022-09-23 02:14:06.959595+03
 Africa/Maputo, 2022-09-23 01:14:06.959854+02
 Africa/Bissau, 2022-09-22 23:14:06.960115+00
 Africa/Blantyre, 2022-09-23 01:14:06.960396+02
 Africa/Niamey, 2022-09-23 00:14:06.960633+01
 Africa/Banjul, 2022-09-22 23:14:06.960875+00
 Africa/Abidjan, 2022-09-22 23:14:06.96112+00
 Africa/Asmara, 2022-09-23 02:14:06.961354+03
 Africa/Bamako, 2022-09-22 23:14:06.961587+00
 Africa/Ouagadougou, 2022-09-22 23:14:06.961876+00
 Africa/Lusaka, 2022-09-23 01:14:06.962107+02
 Africa/Luanda, 2022-09-23 00:14:06.962376+01
 Africa/Asmera, 2022-09-23 02:14:06.962685+03
 Africa/Lubumbashi, 2022-09-23 01:14:06.96293+02
 Africa/Accra, 2022-09-22 23:14:06.963194+00
 Africa/Khartoum, 2022-09-23 01:14:06.963454+02
 Africa/Ceuta, 2022-09-23 01:14:06.963766+02
 Africa/Bujumbura, 2022-09-23 01:14:06.964021+02
 Africa/Windhoek, 2022-09-23 01:14:06.964264+02
 Africa/El_Aaiun, 2022-09-23 00:14:06.964524+01
 Africa/Tripoli, 2022-09-23 01:14:06.964786+02
 Africa/Monrovia, 2022-09-22 23:14:06.965022+00
 Africa/Dar_es_Salaam, 2022-09-23 02:14:06.965279+03
 Africa/Johannesburg, 2022-09-23 01:14:06.965569+02
 Africa/Kigali, 2022-09-23 01:14:06.965808+02
 Africa/Djibouti, 2022-09-23 02:14:06.966067+03
 Africa/Freetown, 2022-09-22 23:14:06.966304+00
 Factory, 2022-09-22 23:14:06.966486+00
 UTC, 2022-09-22 23:14:06.966663+00
 Chile/EasterIsland, 2022-09-22 18:14:06.966895-05
 Chile/Continental, 2022-09-22 20:14:06.967152-03
 HST, 2022-09-22 13:14:06.967334-10
 Canada/Atlantic, 2022-09-22 20:14:06.967584-03
 Canada/Pacific, 2022-09-22 16:14:06.967827-07
 Canada/Eastern, 2022-09-22 19:14:06.968095-04
 Canada/Yukon, 2022-09-22 16:14:06.968304-07
 Canada/Saskatchewan, 2022-09-22 17:14:06.968515-06
 Canada/Newfoundland, 2022-09-22 20:44:06.968799-02:30
 Canada/Central, 2022-09-22 18:14:06.969102-05
 Canada/Mountain, 2022-09-22 17:14:06.969523-06
 Iceland, 2022-09-22 23:14:06.969782+00
