cart_id,user_id,book_id,percentile,purchase_date
1,1,850,0.96,1589279452
1,1,663,0.05,1589279452
1,1,534,0.4,1589279452
1,1,463,0.84,1589279452
1,1,887,0.94,1589279452
1,1,869,0.35,1589279452
1,1,775,0.89,1589279452
1,1,101,0.77,1589279452
1,1,610,0.07,1589279452
2,2,158,0.44,1608130046
2,2,902,0.7,1608130046
2,2,704,0.44,1608130046
3,3,42,0.16,1605923799
3,3,366,0.86,1605923799
3,3,327,0.24,1605923799
3,3,4,0.14,1605923799
4,4,880,0.77,1633969525
4,4,943,0.83,1633969525
5,5,936,0.39,1596840159
5,5,485,0.7,1596840159
5,5,616,0.96,1596840159
5,5,271,0.99,1596840159
5,5,379,0.55,1596840159
5,5,706,0.49,1596840159
5,5,527,0.25,1596840159
5,5,295,0.89,1596840159
6,6,144,0.45,1639152033
6,6,580,0.06,1639152033
7,7,854,0.9,1650695811
7,7,400,0.82,1650695811
7,7,364,0.82,1650695811
7,7,286,0.74,1650695811
7,7,66,0.47,1650695811
7,7,869,0.35,1650695811
7,7,67,0.5,1650695811
7,7,671,0.2,1650695811
8,8,614,0.87,1597647553
8,8,269,0.98,1597647553
8,8,673,0.32,1597647553
8,8,307,0.48,1597647553
8,8,894,0.42,1597647553
8,8,127,0.23,1597647553
8,8,212,0.78,1597647553
8,8,327,0.24,1597647553
9,9,18,0.46,1661252155
9,9,549,0.29,1661252155
9,9,679,0.59,1661252155
9,9,114,0.28,1661252155
9,9,510,0.64,1661252155
9,9,662,0.04,1661252155
9,9,614,0.87,1661252155
9,9,645,0,1661252155
9,9,719,0.07,1661252155
9,9,829,0.83,1661252155
10,10,874,0.56,1633714755
10,10,829,0.83,1633714755
10,10,37,0.11,1633714755
10,10,179,0.4,1633714755
10,10,477,0.48,1633714755
10,10,322,0.73,1633714755
10,10,168,0.67,1633714755
10,10,808,0.85,1633714755
11,11,704,0.44,1649644374
11,11,915,0.77,1649644374
11,11,464,0.88,1649644374
12,12,5,0.15,1599467097
12,12,851,0.97,1599467097
12,12,336,0.52,1599467097
12,12,802,0.77,1599467097
12,12,228,0.53,1599467097
13,13,268,0.98,1651222290
14,14,693,0.81,1600579225
15,15,634,0.14,1626822891
15,15,921,0.15,1626822891
15,15,92,0.21,1626822891
15,15,944,0.64,1626822891
15,15,681,0.61,1626822891
15,15,805,0.8,1626822891
15,15,159,0.46,1626822891
15,15,792,0.67,1626822891
15,15,307,0.48,1626822891
15,15,336,0.52,1626822891
16,16,335,0.47,1601038475
16,16,307,0.48,1601038475
16,16,647,0.01,1601038475
16,16,529,0.29,1601038475
16,16,156,0.37,1601038475
17,17,28,0.05,1634577263
17,17,302,0.36,1634577263
17,17,374,0.32,1634577263
17,17,871,0.39,1634577263
17,17,806,0.81,1634577263
17,17,208,0.69,1634577263
17,17,551,0.62,1634577263
17,17,6,0.15,1634577263
17,17,887,0.94,1634577263
17,17,115,0.33,1634577263
18,18,358,0.68,1624127414
18,18,170,0.73,1624127414
18,18,496,0.41,1624127414
18,18,279,0.45,1624127414
18,18,426,0.25,1624127414
18,18,844,0.88,1624127414
19,19,128,0.26,1584594571
19,19,710,0.58,1584594571
20,20,472,0.4,1596100825
20,20,434,0.31,1596100825
20,20,195,0.72,1596100825
20,20,822,0.69,1596100825
20,20,153,0.31,1596100825
20,20,838,0.58,1596100825
20,20,782,0.93,1596100825
20,20,461,0.74,1596100825
20,20,687,0.71,1596100825
21,21,710,0.58,1667302128
22,22,667,0.06,1606133945
22,22,357,0.66,1606133945
22,22,105,0.1,1606133945
22,22,518,0.21,1606133945
22,22,10,0.24,1606133945
22,22,456,0.44,1606133945
22,22,949,0.97,1606133945
22,22,443,0.48,1606133945
23,23,91,0.19,1625993375
24,24,749,0.77,1650678761
24,24,189,0.61,1650678761
24,24,854,0.9,1650678761
24,24,36,0.11,1650678761
24,24,453,0.18,1650678761
24,24,585,0.28,1650678761
24,24,309,0.49,1650678761
25,25,130,0.27,1592375621
25,25,170,0.73,1592375621
26,26,298,0.23,1647300688
26,26,164,0.64,1647300688
26,26,590,0.01,1647300688
26,26,783,0.93,1647300688
26,26,339,0.58,1647300688
27,27,83,0.1,1598239707
27,27,1,0.08,1598239707
27,27,806,0.81,1598239707
27,27,456,0.44,1598239707
27,27,775,0.89,1598239707
28,28,375,0.34,1595505697
28,28,75,0.7,1595505697
29,29,562,0.91,1669530941
29,29,825,0.77,1669530941
29,29,130,0.27,1669530941
29,29,272,0.99,1669530941
29,29,362,0.75,1669530941
29,29,240,0.86,1669530941
29,29,342,0.67,1669530941
29,29,314,0.59,1669530941
29,29,529,0.29,1669530941
29,29,707,0.49,1669530941
30,30,707,0.49,1613704529
30,30,90,0.19,1613704529
30,30,806,0.81,1613704529
30,30,480,0.55,1613704529
30,30,587,0.4,1613704529
30,30,842,0.8,1613704529
30,30,531,0.32,1613704529
30,30,360,0.7,1613704529
31,31,140,0.42,1616112076
31,31,466,0.27,1616112076
31,31,536,0.46,1616112076
31,31,210,0.71,1616112076
31,31,451,0.14,1616112076
32,32,424,0.22,1658887520
32,32,273,0.19,1658887520
32,32,160,0.52,1658887520
32,32,121,0.74,1658887520
32,32,766,0.81,1658887520
32,32,859,0.99,1658887520
32,32,761,0.66,1658887520
32,32,890,0.27,1658887520
33,33,176,0.27,1635035011
33,33,771,0.85,1635035011
33,33,344,0.67,1635035011
33,33,31,0.09,1635035011
33,33,813,0.35,1635035011
33,33,479,0.53,1635035011
33,33,577,0.05,1635035011
34,34,31,0.09,1639876216
34,34,679,0.59,1639876216
34,34,180,0.43,1639876216
34,34,927,0.2,1639876216
34,34,525,0.2,1639876216
34,34,95,0.26,1639876216
34,34,819,0.63,1639876216
34,34,364,0.82,1639876216
34,34,895,0.43,1639876216
35,35,924,0.17,1610776307
35,35,517,0.2,1610776307
35,35,151,0.3,1610776307
35,35,312,0.54,1610776307
35,35,39,0.12,1610776307
35,35,557,0.81,1610776307
35,35,170,0.73,1610776307
36,36,516,0.2,1646875890
36,36,891,0.33,1646875890
36,36,357,0.66,1646875890
36,36,943,0.83,1646875890
36,36,76,0.02,1646875890
36,36,923,0.16,1646875890
36,36,136,0.39,1646875890
36,36,840,0.71,1646875890
36,36,348,0.24,1646875890
36,36,380,0.59,1646875890
37,37,356,0.63,1664305755
37,37,411,0.98,1664305755
37,37,29,0.08,1664305755
37,37,744,0.52,1664305755
37,37,483,0.58,1664305755
37,37,723,0.22,1664305755
37,37,458,0.57,1664305755
38,38,499,0.44,1623323310
39,39,690,0.78,1619354619
40,40,538,0.49,1594739773
40,40,350,0.5,1594739773
40,40,643,0.18,1594739773
40,40,90,0.19,1594739773
40,40,634,0.14,1594739773
40,40,882,0.77,1594739773
40,40,479,0.53,1594739773
40,40,910,0.16,1594739773
40,40,205,0.62,1594739773
40,40,215,0.83,1594739773
41,41,85,0.13,1637347658
41,41,98,0.34,1637347658
41,41,479,0.53,1637347658
41,41,524,0.12,1637347658
41,41,824,0.73,1637347658
41,41,2,0.1,1637347658
42,42,379,0.55,1591293055
42,42,498,0.43,1591293055
43,43,357,0.66,1578508853
43,43,521,0.33,1578508853
44,44,313,0.57,1605835816
44,44,774,0.89,1605835816
44,44,184,0.51,1605835816
44,44,756,0.95,1605835816
44,44,701,0.4,1605835816
44,44,287,0.75,1605835816
45,45,461,0.74,1629630080
45,45,846,0.93,1629630080
46,46,453,0.18,1623818131
46,46,856,0.92,1623818131
46,46,224,0.32,1623818131
46,46,349,0.26,1623818131
46,46,869,0.35,1623818131
46,46,3,0.11,1623818131
46,46,133,0.36,1623818131
47,47,69,0.53,1651002147
47,47,209,0.69,1651002147
47,47,809,0.12,1651002147
48,48,595,0.03,1613289694
48,48,924,0.17,1613289694
48,48,268,0.98,1613289694
48,48,905,0.79,1613289694
49,49,829,0.83,1629538098
49,49,37,0.11,1629538098
49,49,205,0.62,1629538098
49,49,758,0.97,1629538098
49,49,538,0.49,1629538098
49,49,643,0.18,1629538098
49,49,144,0.45,1629538098
50,50,937,0.41,1670021091
50,50,843,0.88,1670021091
50,50,734,0.51,1670021091
51,51,734,0.51,1592709008
51,51,264,0.94,1592709008
51,51,379,0.55,1592709008
51,51,414,0.99,1592709008
51,51,691,0.8,1592709008
51,51,184,0.51,1592709008
51,51,69,0.53,1592709008
51,51,365,0.84,1592709008
51,51,783,0.93,1592709008
52,52,669,0.09,1580290743
52,52,110,0.13,1580290743
52,52,816,0.44,1580290743
52,52,294,0.88,1580290743
53,53,865,0.13,1648310286
53,53,740,0.63,1648310286
53,53,866,0.2,1648310286
53,53,342,0.67,1648310286
53,53,109,0.8,1648310286
53,53,880,0.77,1648310286
54,54,885,0.86,1648724802
54,54,352,0.55,1648724802
54,54,365,0.84,1648724802
54,54,795,0.72,1648724802
54,54,932,0.27,1648724802
54,54,659,0.03,1648724802
55,55,877,0.93,1647746374
55,55,352,0.55,1647746374
55,55,26,0.01,1647746374
55,55,494,0.34,1647746374
55,55,393,0.83,1647746374
55,55,485,0.7,1647746374
55,55,444,0.5,1647746374
55,55,555,0.73,1647746374
56,56,502,0.49,1613247470
56,56,828,0.82,1613247470
56,56,655,0.02,1613247470
56,56,241,0.87,1613247470
56,56,410,0.97,1613247470
57,57,571,0.97,1611451145
58,58,905,0.79,1596369771
59,59,918,0.09,1587249083
59,59,570,0.97,1587249083
59,59,678,0.57,1587249083
59,59,609,0.07,1587249083
59,59,693,0.81,1587249083
59,59,40,0.14,1587249083
59,59,73,0.6,1587249083
59,59,353,0.56,1587249083
59,59,190,0.64,1587249083
59,59,563,0.93,1587249083
60,60,177,0.3,1653467938
60,60,266,0.95,1653467938
60,60,696,0.32,1653467938
60,60,679,0.59,1653467938
60,60,788,0.53,1653467938
60,60,253,0.78,1653467938
61,61,858,0.98,1636002317
61,61,592,0.02,1636002317
61,61,787,0.52,1636002317
61,61,831,0.85,1636002317
62,62,875,0.66,1625031118
62,62,93,0.22,1625031118
62,62,416,1,1625031118
62,62,345,0.72,1625031118
62,62,636,0.15,1625031118
62,62,194,0.68,1625031118
62,62,644,0,1625031118
62,62,847,0.94,1625031118
62,62,792,0.67,1625031118
62,62,631,0.13,1625031118
63,63,124,0.19,1632388089
63,63,772,0.85,1632388089
63,63,942,0.79,1632388089
63,63,627,0.11,1632388089
63,63,529,0.29,1632388089
63,63,924,0.17,1632388089
64,64,522,0.34,1595104034
64,64,79,0.08,1595104034
64,64,329,0.34,1595104034
64,64,170,0.73,1595104034
64,64,177,0.3,1595104034
64,64,31,0.09,1595104034
64,64,261,0.91,1595104034
65,65,132,0.32,1635636040
65,65,181,0.45,1635636040
65,65,911,0.33,1635636040
65,65,27,0.03,1635636040
65,65,149,0.25,1635636040
65,65,685,0.69,1635636040
66,66,532,0.35,1639560655
66,66,402,0.85,1639560655
66,66,789,0.53,1639560655
66,66,580,0.06,1639560655
66,66,881,0.71,1639560655
66,66,732,0.49,1639560655
66,66,246,0.9,1639560655
67,67,556,0.76,1601518983
67,67,293,0.83,1601518983
67,67,843,0.88,1601518983
67,67,469,0.37,1601518983
67,67,947,0.96,1601518983
68,68,14,0.3,1654840631
68,68,158,0.44,1654840631
69,69,163,0.61,1644222198
69,69,302,0.36,1644222198
69,69,756,0.95,1644222198
70,70,767,0.83,1643196878
71,71,917,0.09,1617825146
71,71,937,0.41,1617825146
72,72,937,0.41,1648602748
72,72,429,0.28,1648602748
72,72,500,0.45,1648602748
72,72,192,0.68,1648602748
72,72,536,0.46,1648602748
72,72,324,0.13,1648602748
72,72,43,0.17,1648602748
72,72,118,0.53,1648602748
72,72,205,0.62,1648602748
72,72,266,0.95,1648602748
73,73,730,0.45,1622523511
73,73,386,0.78,1622523511
73,73,680,0.61,1622523511
73,73,757,0.96,1622523511
73,73,776,0.89,1622523511
74,74,684,0.66,1609117353
74,74,799,0.76,1609117353
74,74,687,0.71,1609117353
74,74,526,0.23,1609117353
74,74,271,0.99,1609117353
74,74,380,0.59,1609117353
74,74,102,0.77,1609117353
74,74,652,0.01,1609117353
74,74,829,0.83,1609117353
75,75,11,0.24,1613972472
75,75,858,0.98,1613972472
75,75,641,0.17,1613972472
75,75,756,0.95,1613972472
76,76,827,0.79,1601658557
76,76,396,0.87,1601658557
76,76,71,0.52,1601658557
76,76,348,0.24,1601658557
76,76,33,0.09,1601658557
76,76,584,0.25,1601658557
76,76,172,0.75,1601658557
76,76,898,0.59,1601658557
77,77,71,0.52,1655208838
77,77,329,0.34,1655208838
78,78,335,0.47,1606761633
78,78,576,0.03,1606761633
78,78,408,0.95,1606761633
78,78,581,0.13,1606761633
78,78,248,0.66,1606761633
78,78,573,0.97,1606761633
78,78,193,0.69,1606761633
78,78,944,0.64,1606761633
78,78,838,0.58,1606761633
79,79,615,0.94,1588817730
80,80,175,0.26,1592397312
81,81,366,0.86,1629746478
81,81,159,0.46,1629746478
81,81,115,0.33,1629746478
81,81,445,0.07,1629746478
81,81,331,0.35,1629746478
81,81,556,0.76,1629746478
81,81,308,0.48,1629746478
81,81,298,0.23,1629746478
81,81,900,0.62,1629746478
81,81,443,0.48,1629746478
82,82,4,0.14,1581350075
82,82,846,0.93,1581350075
82,82,457,0.56,1581350075
82,82,615,0.94,1581350075
82,82,344,0.67,1581350075
82,82,642,0.18,1581350075
82,82,817,0.46,1581350075
82,82,818,0.57,1581350075
82,82,455,0.29,1581350075
83,83,637,0.15,1586975438
83,83,239,0.86,1586975438
83,83,514,0.74,1586975438
83,83,362,0.75,1586975438
83,83,675,0.42,1586975438
83,83,823,0.71,1586975438
84,84,519,0.24,1580288406
84,84,473,0.41,1580288406
84,84,240,0.86,1580288406
85,85,257,0.88,1651149623
85,85,316,0.62,1651149623
85,85,799,0.76,1651149623
85,85,774,0.89,1651149623
86,86,50,0.25,1653791165
86,86,181,0.45,1653791165
86,86,272,0.99,1653791165
87,87,333,0.46,1587288576
87,87,25,0.65,1587288576
87,87,9,0.23,1587288576
87,87,487,0.78,1587288576
87,87,261,0.91,1587288576
87,87,828,0.82,1587288576
87,87,91,0.19,1587288576
87,87,390,0.81,1587288576
87,87,639,0.16,1587288576
88,88,669,0.09,1658613581
89,89,645,0,1611968614
89,89,558,0.81,1611968614
89,89,112,0.2,1611968614
89,89,94,0.25,1611968614
90,90,17,0.39,1642937830
90,90,805,0.8,1642937830
90,90,306,0.47,1642937830
90,90,596,0.03,1642937830
90,90,420,0.1,1642937830
90,90,531,0.32,1642937830
90,90,77,0.03,1642937830
91,91,162,0.61,1606310996
91,91,347,0.76,1606310996
91,91,248,0.66,1606310996
91,91,63,0.45,1606310996
91,91,266,0.95,1606310996
91,91,78,0.04,1606310996
91,91,229,0.6,1606310996
92,92,420,0.1,1605699333
92,92,539,0.49,1605699333
92,92,674,0.36,1605699333
92,92,733,0.5,1605699333
92,92,732,0.49,1605699333
92,92,475,0.48,1605699333
92,92,117,0.36,1605699333
92,92,511,0.68,1605699333
93,93,76,0.02,1587746305
93,93,470,0.39,1587746305
93,93,223,0.19,1587746305
94,94,42,0.16,1595750945
94,94,822,0.69,1595750945
94,94,164,0.64,1595750945
94,94,533,0.36,1595750945
94,94,286,0.74,1595750945
94,94,379,0.55,1595750945
94,94,238,0.85,1595750945
94,94,568,0.95,1595750945
94,94,802,0.77,1595750945
94,94,292,0.81,1595750945
95,95,582,0.13,1607913715
95,95,655,0.02,1607913715
95,95,936,0.39,1607913715
95,95,342,0.67,1607913715
96,96,873,0.55,1649592501
96,96,702,0.42,1649592501
96,96,239,0.86,1649592501
96,96,680,0.61,1649592501
96,96,637,0.15,1649592501
97,97,855,0.91,1595995125
97,97,924,0.17,1595995125
98,98,214,0.82,1592954558
98,98,572,0.97,1592954558
98,98,712,0.62,1592954558
98,98,631,0.13,1592954558
98,98,709,0.53,1592954558
98,98,642,0.18,1592954558
98,98,193,0.69,1592954558
98,98,690,0.78,1592954558
98,98,586,0.31,1592954558
99,99,59,0.39,1630246104
99,99,943,0.83,1630246104
99,99,853,0.84,1630246104
99,99,102,0.77,1630246104
99,99,235,0.79,1630246104
99,99,816,0.44,1630246104
99,99,589,0.01,1630246104
99,99,203,0.51,1630246104
99,99,781,0.92,1630246104
99,99,731,0.49,1630246104
100,100,940,0.54,1659377251
100,100,850,0.96,1659377251
100,100,307,0.48,1659377251
100,100,800,0.76,1659377251
100,100,607,0.07,1659377251
100,100,342,0.67,1659377251
100,100,425,0.24,1659377251
100,100,41,0.14,1659377251
100,100,744,0.52,1659377251
101,101,450,0.13,1605772907
102,102,806,0.81,1622946080
102,102,98,0.34,1622946080
102,102,84,0.11,1622946080
103,103,835,0.18,1630371236
103,103,473,0.41,1630371236
104,104,13,0.27,1617404181
104,104,358,0.68,1617404181
104,104,260,0.91,1617404181
104,104,413,0.98,1617404181
104,104,192,0.68,1617404181
104,104,107,0.17,1617404181
104,104,101,0.77,1617404181
105,105,719,0.07,1642738958
106,106,198,0.21,1620402656
106,106,62,0.41,1620402656
106,106,668,0.07,1620402656
106,106,119,0.61,1620402656
107,107,402,0.85,1611485966
108,108,579,0.06,1580824046
108,108,65,0.47,1580824046
108,108,563,0.93,1580824046
108,108,87,0.17,1580824046
108,108,537,0.46,1580824046
108,108,774,0.89,1580824046
108,108,808,0.85,1580824046
108,108,166,0.66,1580824046
109,109,196,0.72,1588276401
109,109,14,0.3,1588276401
109,109,744,0.52,1588276401
109,109,132,0.32,1588276401
110,110,11,0.24,1631321478
110,110,710,0.58,1631321478
110,110,778,0.91,1631321478
110,110,413,0.98,1631321478
110,110,829,0.83,1631321478
110,110,830,0.83,1631321478
110,110,546,0.57,1631321478
110,110,874,0.56,1631321478
110,110,496,0.41,1631321478
110,110,917,0.09,1631321478
111,111,941,0.66,1649246797
111,111,885,0.86,1649246797
111,111,577,0.05,1649246797
111,111,246,0.9,1649246797
111,111,238,0.85,1649246797
111,111,169,0.73,1649246797
111,111,628,0.11,1649246797
112,112,213,0.82,1659304679
112,112,288,0.79,1659304679
112,112,658,0.03,1659304679
112,112,674,0.36,1659304679
112,112,25,0.65,1659304679
112,112,47,0.22,1659304679
112,112,15,0.33,1659304679
113,113,892,0.35,1669564111
113,113,463,0.84,1669564111
113,113,122,0.76,1669564111
113,113,473,0.41,1669564111
113,113,505,0.55,1669564111
113,113,746,0.31,1669564111
113,113,829,0.83,1669564111
114,114,269,0.98,1579161228
114,114,710,0.58,1579161228
114,114,798,0.74,1579161228
114,114,839,0.68,1579161228
114,114,429,0.28,1579161228
114,114,405,0.88,1579161228
114,114,384,0.74,1579161228
114,114,861,0.99,1579161228
114,114,943,0.83,1579161228
115,115,532,0.35,1580087852
115,115,770,0.84,1580087852
115,115,533,0.36,1580087852
115,115,444,0.5,1580087852
116,116,827,0.79,1596205612
116,116,349,0.26,1596205612
116,116,351,0.53,1596205612
116,116,81,0.08,1596205612
117,117,62,0.41,1632052793
117,117,567,0.95,1632052793
117,117,79,0.08,1632052793
117,117,681,0.61,1632052793
118,118,614,0.87,1608884053
118,118,382,0.7,1608884053
118,118,273,0.19,1608884053
119,119,378,0.48,1632667504
119,119,799,0.76,1632667504
119,119,569,0.95,1632667504
119,119,611,0.07,1632667504
119,119,659,0.03,1632667504
119,119,206,0.62,1632667504
119,119,124,0.19,1632667504
120,120,167,0.67,1624857356
120,120,396,0.87,1624857356
121,121,615,0.94,1589601320
121,121,688,0.71,1589601320
121,121,886,0.89,1589601320
121,121,569,0.95,1589601320
122,122,45,0.21,1587112759
122,122,318,0.67,1587112759
123,123,698,0.34,1624510553
123,123,56,0.3,1624510553
123,123,43,0.17,1624510553
123,123,418,1,1624510553
123,123,275,0.24,1624510553
124,124,454,0.2,1624919300
124,124,21,0.5,1624919300
124,124,321,0.71,1624919300
124,124,843,0.88,1624919300
125,125,787,0.52,1626924464
125,125,842,0.8,1626924464
126,126,317,0.64,1619978799
126,126,343,0.68,1619978799
127,127,705,0.46,1638199615
127,127,779,0.92,1638199615
127,127,368,0.91,1638199615
127,127,947,0.96,1638199615
128,128,822,0.69,1630860186
128,128,226,0.44,1630860186
128,128,171,0.74,1630860186
128,128,628,0.11,1630860186
128,128,854,0.9,1630860186
128,128,196,0.72,1630860186
129,129,915,0.77,1622632265
129,129,231,0.65,1622632265
129,129,596,0.03,1622632265
129,129,772,0.85,1622632265
130,130,778,0.91,1669538478
130,130,821,0.65,1669538478
130,130,783,0.93,1669538478
131,131,265,0.94,1588543572
131,131,115,0.33,1588543572
131,131,210,0.71,1588543572
131,131,314,0.59,1588543572
131,131,852,0.98,1588543572
131,131,565,0.93,1588543572
131,131,131,0.31,1588543572
131,131,50,0.25,1588543572
131,131,893,0.41,1588543572
132,132,207,0.66,1627512081
132,132,816,0.44,1627512081
132,132,476,0.48,1627512081
132,132,34,0.1,1627512081
132,132,310,0.51,1627512081
133,133,448,0.11,1600645608
133,133,233,0.75,1600645608
133,133,833,0.87,1600645608
133,133,583,0.15,1600645608
133,133,142,0.44,1600645608
133,133,50,0.25,1600645608
133,133,239,0.86,1600645608
133,133,492,0.28,1600645608
134,134,367,0.9,1600750813
134,134,482,0.58,1600750813
134,134,660,0.03,1600750813
134,134,340,0.62,1600750813
135,135,724,0.23,1590816494
135,135,83,0.1,1590816494
135,135,662,0.04,1590816494
135,135,132,0.32,1590816494
135,135,124,0.19,1590816494
135,135,325,0.13,1590816494
135,135,835,0.18,1590816494
135,135,884,0.86,1590816494
136,136,714,0.64,1626923773
137,137,333,0.46,1616181185
137,137,99,0.39,1616181185
138,138,692,0.81,1642085691
138,138,123,0.15,1642085691
138,138,301,0.36,1642085691
139,139,798,0.74,1657460888
139,139,934,0.3,1657460888
139,139,319,0.67,1657460888
139,139,638,0.15,1657460888
139,139,373,0.3,1657460888
140,140,65,0.47,1607011622
140,140,806,0.81,1607011622
140,140,604,0.06,1607011622
141,141,658,0.03,1608092423
141,141,420,0.1,1608092423
141,141,646,0,1608092423
141,141,163,0.61,1608092423
141,141,232,0.68,1608092423
141,141,887,0.94,1608092423
142,142,848,0.95,1584242943
142,142,410,0.97,1584242943
142,142,262,0.91,1584242943
142,142,386,0.78,1584242943
143,143,134,0.38,1650825328
143,143,832,0.87,1650825328
143,143,445,0.07,1650825328
143,143,655,0.02,1650825328
143,143,519,0.24,1650825328
143,143,372,0.09,1650825328
143,143,496,0.41,1650825328
143,143,929,0.22,1650825328
143,143,145,0.45,1650825328
144,144,340,0.62,1655925928
144,144,104,0.88,1655925928
145,145,743,0.7,1638015722
146,146,127,0.23,1651484323
146,146,382,0.7,1651484323
146,146,858,0.98,1651484323
147,147,187,0.57,1636124844
147,147,49,0.23,1636124844
147,147,587,0.4,1636124844
148,148,441,0.47,1662614445
148,148,878,0.97,1662614445
148,148,370,0.92,1662614445
148,148,478,0.51,1662614445
149,149,109,0.8,1612078889
149,149,74,0.63,1612078889
150,150,929,0.22,1606991798
150,150,640,0.16,1606991798
150,150,113,0.26,1606991798
150,150,725,0.3,1606991798
150,150,170,0.73,1606991798
150,150,856,0.92,1606991798
150,150,52,0.16,1606991798
151,151,344,0.67,1599363769
151,151,918,0.09,1599363769
151,151,489,0.79,1599363769
151,151,949,0.97,1599363769
151,151,435,0.36,1599363769
151,151,611,0.07,1599363769
151,151,411,0.98,1599363769
151,151,406,0.93,1599363769
151,151,373,0.3,1599363769
151,151,319,0.67,1599363769
152,152,453,0.18,1619567621
152,152,360,0.7,1619567621
152,152,625,0.1,1619567621
152,152,117,0.36,1619567621
152,152,828,0.82,1619567621
152,152,685,0.69,1619567621
152,152,887,0.94,1619567621
152,152,277,0.38,1619567621
153,153,208,0.69,1580237183
154,154,775,0.89,1655314040
154,154,388,0.79,1655314040
155,155,723,0.22,1601983590
155,155,432,0.29,1601983590
155,155,422,0.19,1601983590
156,156,313,0.57,1631449475
156,156,818,0.57,1631449475
156,156,944,0.64,1631449475
156,156,942,0.79,1631449475
156,156,286,0.74,1631449475
156,156,654,0.02,1631449475
156,156,312,0.54,1631449475
156,156,693,0.81,1631449475
156,156,342,0.67,1631449475
156,156,773,0.87,1631449475
157,157,480,0.55,1669667696
157,157,630,0.12,1669667696
157,157,377,0.37,1669667696
157,157,20,0.5,1669667696
158,158,300,0.25,1634480673
158,158,205,0.62,1634480673
158,158,145,0.45,1634480673
158,158,600,0.05,1634480673
158,158,949,0.97,1634480673
158,158,443,0.48,1634480673
158,158,29,0.08,1634480673
158,158,115,0.33,1634480673
159,159,676,0.51,1645896845
160,160,195,0.72,1664475679
160,160,473,0.41,1664475679
160,160,847,0.94,1664475679
160,160,836,0.27,1664475679
160,160,636,0.15,1664475679
160,160,688,0.71,1664475679
160,160,440,0.47,1664475679
161,161,453,0.18,1663868614
161,161,412,0.98,1663868614
161,161,541,0.51,1663868614
161,161,353,0.56,1663868614
161,161,90,0.19,1663868614
161,161,731,0.49,1663868614
161,161,96,0.28,1663868614
161,161,197,0.73,1663868614
162,162,292,0.81,1612350679
162,162,839,0.68,1612350679
163,163,949,0.97,1585682071
163,163,136,0.39,1585682071
163,163,102,0.77,1585682071
163,163,86,0.13,1585682071
163,163,577,0.05,1585682071
163,163,367,0.9,1585682071
163,163,592,0.02,1585682071
164,164,482,0.58,1587071905
164,164,465,0.2,1587071905
164,164,846,0.93,1587071905
164,164,866,0.2,1587071905
164,164,117,0.36,1587071905
164,164,479,0.53,1587071905
164,164,420,0.1,1587071905
164,164,10,0.24,1587071905
164,164,476,0.48,1587071905
165,165,72,0.57,1589126085
166,166,551,0.62,1652711606
166,166,369,0.92,1652711606
166,166,309,0.49,1652711606
166,166,698,0.34,1652711606
166,166,428,0.28,1652711606
166,166,906,0.8,1652711606
166,166,699,0.34,1652711606
166,166,348,0.24,1652711606
166,166,469,0.37,1652711606
167,167,882,0.77,1580104993
167,167,919,0.11,1580104993
167,167,240,0.86,1580104993
167,167,641,0.17,1580104993
167,167,102,0.77,1580104993
167,167,21,0.5,1580104993
167,167,696,0.32,1580104993
168,168,43,0.17,1663445304
169,169,706,0.49,1596578953
169,169,689,0.73,1596578953
169,169,875,0.66,1596578953
169,169,498,0.43,1596578953
169,169,712,0.62,1596578953
170,170,653,0.02,1617819339
170,170,916,0.04,1617819339
170,170,690,0.78,1617819339
170,170,203,0.51,1617819339
170,170,643,0.18,1617819339
170,170,295,0.89,1617819339
170,170,775,0.89,1617819339
171,171,881,0.71,1671773871
171,171,184,0.51,1671773871
171,171,537,0.46,1671773871
171,171,203,0.51,1671773871
171,171,549,0.29,1671773871
172,172,105,0.1,1600520163
172,172,26,0.01,1600520163
172,172,578,0.05,1600520163
173,173,89,0.18,1578342196
173,173,920,0.14,1578342196
174,174,894,0.42,1616343477
174,174,550,0.57,1616343477
174,174,837,0.33,1616343477
174,174,122,0.76,1616343477
174,174,427,0.25,1616343477
174,174,43,0.17,1616343477
175,175,724,0.23,1605944133
175,175,641,0.17,1605944133
175,175,512,0.72,1605944133
175,175,453,0.18,1605944133
175,175,58,0.38,1605944133
175,175,293,0.83,1605944133
175,175,11,0.24,1605944133
175,175,695,0.26,1605944133
175,175,496,0.41,1605944133
176,176,112,0.2,1654645628
176,176,159,0.46,1654645628
176,176,560,0.88,1654645628
176,176,575,0.02,1654645628
176,176,368,0.91,1654645628
176,176,192,0.68,1654645628
176,176,558,0.81,1654645628
177,177,99,0.39,1649581623
177,177,839,0.68,1649581623
177,177,16,0.38,1649581623
177,177,71,0.52,1649581623
177,177,820,0.65,1649581623
177,177,642,0.18,1649581623
177,177,124,0.19,1649581623
177,177,91,0.19,1649581623
177,177,103,0.83,1649581623
178,178,907,0.85,1644596412
178,178,370,0.92,1644596412
178,178,815,0.42,1644596412
178,178,663,0.05,1644596412
178,178,16,0.38,1644596412
178,178,605,0.06,1644596412
178,178,96,0.28,1644596412
179,179,164,0.64,1658879538
179,179,259,0.9,1658879538
179,179,610,0.07,1658879538
179,179,858,0.98,1658879538
179,179,138,0.41,1658879538
179,179,243,0.89,1658879538
179,179,609,0.07,1658879538
180,180,275,0.24,1655892569
180,180,761,0.66,1655892569
180,180,714,0.64,1655892569
181,181,2,0.1,1671722372
181,181,263,0.92,1671722372
181,181,517,0.2,1671722372
181,181,910,0.16,1671722372
181,181,278,0.39,1671722372
182,182,14,0.3,1610413717
183,183,652,0.01,1668078107
183,183,860,0.99,1668078107
183,183,815,0.42,1668078107
183,183,378,0.48,1668078107
184,184,506,0.56,1662356902
184,184,754,0.9,1662356902
184,184,66,0.47,1662356902
184,184,189,0.61,1662356902
185,185,493,0.3,1656128320
185,185,486,0.74,1656128320
186,186,421,0.12,1664232324
186,186,345,0.72,1664232324
186,186,121,0.74,1664232324
187,187,122,0.76,1621768197
187,187,4,0.14,1621768197
187,187,749,0.77,1621768197
187,187,365,0.84,1621768197
187,187,819,0.63,1621768197
187,187,911,0.33,1621768197
187,187,772,0.85,1621768197
187,187,471,0.4,1621768197
187,187,822,0.69,1621768197
187,187,433,0.31,1621768197
188,188,502,0.49,1608353980
188,188,248,0.66,1608353980
188,188,108,0.21,1608353980
189,189,97,0.33,1620617858
189,189,681,0.61,1620617858
189,189,82,0.09,1620617858
189,189,14,0.3,1620617858
189,189,817,0.46,1620617858
189,189,767,0.83,1620617858
189,189,342,0.67,1620617858
189,189,67,0.5,1620617858
190,190,215,0.83,1603261764
190,190,398,0.6,1603261764
190,190,741,0.63,1603261764
190,190,317,0.64,1603261764
190,190,617,0.98,1603261764
190,190,43,0.17,1603261764
191,191,584,0.25,1618076639
191,191,848,0.95,1618076639
191,191,74,0.63,1618076639
191,191,563,0.93,1618076639
191,191,422,0.19,1618076639
191,191,76,0.02,1618076639
191,191,7,0.18,1618076639
191,191,785,0.34,1618076639
192,192,71,0.52,1603599525
192,192,528,0.29,1603599525
192,192,508,0.61,1603599525
192,192,761,0.66,1603599525
192,192,820,0.65,1603599525
192,192,133,0.36,1603599525
192,192,924,0.17,1603599525
192,192,684,0.66,1603599525
192,192,912,0.36,1603599525
193,193,365,0.84,1604759296
193,193,336,0.52,1604759296
193,193,829,0.83,1604759296
193,193,916,0.04,1604759296
193,193,251,0.74,1604759296
194,194,324,0.13,1641944619
194,194,100,0.46,1641944619
194,194,896,0.52,1641944619
194,194,55,0.25,1641944619
194,194,93,0.22,1641944619
194,194,913,0.55,1641944619
194,194,573,0.97,1641944619
194,194,621,0.05,1641944619
194,194,441,0.47,1641944619
195,195,927,0.2,1608668384
195,195,168,0.67,1608668384
195,195,68,0.52,1608668384
195,195,237,0.83,1608668384
195,195,485,0.7,1608668384
195,195,821,0.65,1608668384
195,195,452,0.17,1608668384
196,196,175,0.26,1594174571
196,196,309,0.49,1594174571
196,196,276,0.32,1594174571
196,196,165,0.65,1594174571
197,197,168,0.67,1603169876
198,198,312,0.54,1660999636
198,198,585,0.28,1660999636
198,198,166,0.66,1660999636
198,198,188,0.6,1660999636
198,198,236,0.8,1660999636
198,198,753,0.9,1660999636
198,198,266,0.95,1660999636
198,198,526,0.23,1660999636
198,198,490,0.19,1660999636
199,199,464,0.88,1590611643
199,199,750,0.81,1590611643
199,199,542,0.53,1590611643
199,199,947,0.96,1590611643
199,199,806,0.81,1590611643
199,199,280,0.5,1590611643
200,200,832,0.87,1654203283
200,200,449,0.12,1654203283
200,200,939,0.54,1654203283
200,200,133,0.36,1654203283
200,200,216,0.9,1654203283
200,200,167,0.67,1654203283
200,200,271,0.99,1654203283
201,201,55,0.25,1589170879
201,201,841,0.76,1589170879
201,201,769,0.85,1589170879
201,201,816,0.44,1589170879
201,201,801,0.76,1589170879
201,201,532,0.35,1589170879
202,202,723,0.22,1670605078
202,202,292,0.81,1670605078
202,202,814,0.38,1670605078
202,202,720,0.1,1670605078
202,202,566,0.94,1670605078
202,202,499,0.44,1670605078
202,202,462,0.75,1670605078
202,202,424,0.22,1670605078
202,202,502,0.49,1670605078
202,202,805,0.8,1670605078
203,203,928,0.21,1640637600
203,203,375,0.34,1640637600
203,203,295,0.89,1640637600
203,203,302,0.36,1640637600
203,203,650,0.01,1640637600
203,203,787,0.52,1640637600
203,203,146,0.48,1640637600
203,203,814,0.38,1640637600
203,203,225,0.38,1640637600
204,204,853,0.84,1665322084
204,204,610,0.07,1665322084
204,204,735,0.54,1665322084
204,204,208,0.69,1665322084
204,204,598,0.04,1665322084
204,204,163,0.61,1665322084
204,204,115,0.33,1665322084
204,204,143,0.44,1665322084
204,204,317,0.64,1665322084
205,205,552,0.62,1619768172
205,205,354,0.56,1619768172
205,205,846,0.93,1619768172
205,205,456,0.44,1619768172
205,205,318,0.67,1619768172
205,205,537,0.46,1619768172
205,205,887,0.94,1619768172
205,205,655,0.02,1619768172
205,205,97,0.33,1619768172
205,205,209,0.69,1619768172
206,206,800,0.76,1596209339
206,206,929,0.22,1596209339
206,206,105,0.1,1596209339
206,206,165,0.65,1596209339
206,206,286,0.74,1596209339
206,206,479,0.53,1596209339
206,206,447,0.11,1596209339
206,206,626,0.1,1596209339
207,207,198,0.21,1652222883
207,207,889,0.16,1652222883
207,207,434,0.31,1652222883
207,207,24,0.6,1652222883
207,207,160,0.52,1652222883
207,207,165,0.65,1652222883
207,207,210,0.71,1652222883
207,207,622,0.08,1652222883
207,207,183,0.5,1652222883
207,207,444,0.5,1652222883
208,208,817,0.46,1641913190
208,208,773,0.87,1641913190
208,208,118,0.53,1641913190
208,208,270,0.99,1641913190
208,208,818,0.57,1641913190
208,208,141,0.43,1641913190
209,209,685,0.69,1631168030
209,209,41,0.14,1631168030
210,210,541,0.51,1617715075
210,210,142,0.44,1617715075
210,210,415,0.99,1617715075
210,210,121,0.74,1617715075
210,210,808,0.85,1617715075
210,210,731,0.49,1617715075
210,210,394,0.84,1617715075
210,210,919,0.11,1617715075
210,210,530,0.31,1617715075
211,211,676,0.51,1659504808
211,211,793,0.69,1659504808
211,211,55,0.25,1659504808
211,211,912,0.36,1659504808
211,211,309,0.49,1659504808
211,211,797,0.75,1659504808
211,211,786,0.37,1659504808
211,211,340,0.62,1659504808
211,211,564,0.93,1659504808
211,211,615,0.94,1659504808
212,212,407,0.94,1594246289
212,212,862,0.99,1594246289
212,212,691,0.8,1594246289
212,212,805,0.8,1594246289
213,213,452,0.17,1591014786
213,213,101,0.77,1591014786
213,213,220,0.93,1591014786
213,213,398,0.6,1591014786
214,214,764,0.77,1597480772
214,214,571,0.97,1597480772
214,214,374,0.32,1597480772
214,214,796,0.74,1597480772
214,214,94,0.25,1597480772
214,214,647,0.01,1597480772
214,214,406,0.93,1597480772
214,214,258,0.9,1597480772
214,214,70,0.52,1597480772
214,214,459,0.6,1597480772
215,215,625,0.1,1614487856
215,215,273,0.19,1614487856
215,215,150,0.28,1614487856
215,215,295,0.89,1614487856
215,215,634,0.14,1614487856
215,215,49,0.23,1614487856
215,215,376,0.35,1614487856
215,215,163,0.61,1614487856
215,215,99,0.39,1614487856
215,215,508,0.61,1614487856
216,216,173,0.15,1580059500
216,216,833,0.87,1580059500
216,216,853,0.84,1580059500
216,216,779,0.92,1580059500
216,216,468,0.31,1580059500
216,216,738,0.58,1580059500
216,216,334,0.47,1580059500
216,216,160,0.52,1580059500
217,217,844,0.88,1664572647
217,217,887,0.94,1664572647
217,217,414,0.99,1664572647
217,217,397,0.38,1664572647
217,217,251,0.74,1664572647
217,217,76,0.02,1664572647
217,217,794,0.7,1664572647
217,217,791,0.64,1664572647
217,217,23,0.56,1664572647
217,217,285,0.69,1664572647
218,218,650,0.01,1648220032
219,219,359,0.68,1643723765
219,219,883,0.82,1643723765
219,219,785,0.34,1643723765
219,219,80,0.08,1643723765
219,219,187,0.57,1643723765
220,220,895,0.43,1579172634
220,220,191,0.67,1579172634
221,221,813,0.35,1600031659
221,221,716,0.65,1600031659
221,221,114,0.28,1600031659
221,221,682,0.64,1600031659
221,221,15,0.33,1600031659
221,221,698,0.34,1600031659
221,221,589,0.01,1600031659
221,221,940,0.54,1600031659
221,221,350,0.5,1600031659
222,222,850,0.96,1643879351
222,222,654,0.02,1643879351
222,222,643,0.18,1643879351
223,223,914,0.59,1655765280
223,223,747,0.55,1655765280
224,224,465,0.2,1582191260
224,224,85,0.13,1582191260
225,225,490,0.19,1621508969
225,225,64,0.46,1621508969
226,226,588,0.59,1615810232
226,226,475,0.48,1615810232
226,226,521,0.33,1615810232
226,226,89,0.18,1615810232
226,226,675,0.42,1615810232
226,226,787,0.52,1615810232
227,227,65,0.47,1579239428
227,227,167,0.67,1579239428
227,227,621,0.05,1579239428
227,227,427,0.25,1579239428
228,228,847,0.94,1592479199
229,229,254,0.82,1664867912
230,230,786,0.37,1581999592
230,230,586,0.31,1581999592
230,230,552,0.62,1581999592
230,230,913,0.55,1581999592
230,230,621,0.05,1581999592
230,230,388,0.79,1581999592
231,231,635,0.14,1580522123
232,232,33,0.09,1601576022
232,232,391,0.82,1601576022
232,232,824,0.73,1601576022
232,232,689,0.73,1601576022
232,232,527,0.25,1601576022
232,232,260,0.91,1601576022
232,232,892,0.35,1601576022
232,232,406,0.93,1601576022
232,232,633,0.14,1601576022
232,232,723,0.22,1601576022
233,233,563,0.93,1588872662
233,233,657,0.03,1588872662
233,233,230,0.64,1588872662
233,233,411,0.98,1588872662
233,233,154,0.35,1588872662
233,233,281,0.62,1588872662
234,234,699,0.34,1672139722
234,234,431,0.29,1672139722
234,234,143,0.44,1672139722
234,234,164,0.64,1672139722
234,234,44,0.17,1672139722
234,234,289,0.79,1672139722
234,234,780,0.92,1672139722
234,234,294,0.88,1672139722
235,235,382,0.7,1602213253
235,235,358,0.68,1602213253
235,235,307,0.48,1602213253
235,235,679,0.59,1602213253
235,235,158,0.44,1602213253
236,236,237,0.83,1665274517
236,236,479,0.53,1665274517
236,236,937,0.41,1665274517
236,236,600,0.05,1665274517
237,237,153,0.31,1667795063
237,237,509,0.63,1667795063
238,238,635,0.14,1656476684
238,238,134,0.38,1656476684
238,238,617,0.98,1656476684
238,238,652,0.01,1656476684
238,238,97,0.33,1656476684
238,238,426,0.25,1656476684
238,238,640,0.16,1656476684
238,238,223,0.19,1656476684
238,238,793,0.69,1656476684
239,239,27,0.03,1647294588
239,239,590,0.01,1647294588
239,239,780,0.92,1647294588
239,239,733,0.5,1647294588
240,240,444,0.5,1581928359
240,240,672,0.23,1581928359
240,240,174,0.19,1581928359
240,240,315,0.6,1581928359
240,240,811,0.29,1581928359
240,240,439,0.45,1581928359
241,241,466,0.27,1624024119
241,241,372,0.09,1624024119
241,241,605,0.06,1624024119
241,241,145,0.45,1624024119
241,241,747,0.55,1624024119
241,241,343,0.68,1624024119
241,241,225,0.38,1624024119
242,242,863,0.99,1593006743
242,242,787,0.52,1593006743
243,243,320,0.68,1655689057
243,243,430,0.28,1655689057
243,243,363,0.82,1655689057
243,243,373,0.3,1655689057
244,244,540,0.5,1586680578
244,244,692,0.81,1586680578
244,244,319,0.67,1586680578
244,244,247,0.91,1586680578
244,244,918,0.09,1586680578
244,244,659,0.03,1586680578
244,244,350,0.5,1586680578
245,245,66,0.47,1578164498
245,245,329,0.34,1578164498
245,245,225,0.38,1578164498
246,246,64,0.46,1666490789
247,247,475,0.48,1649997025
247,247,360,0.7,1649997025
247,247,512,0.72,1649997025
247,247,729,0.38,1649997025
248,248,41,0.14,1652770159
248,248,454,0.2,1652770159
248,248,27,0.03,1652770159
248,248,408,0.95,1652770159
248,248,30,0.08,1652770159
249,249,543,0.54,1634879400
249,249,505,0.55,1634879400
249,249,52,0.16,1634879400
249,249,323,0.11,1634879400
250,250,245,0.89,1579422761
250,250,721,0.19,1579422761
251,251,815,0.42,1625346178
251,251,362,0.75,1625346178
251,251,889,0.16,1625346178
251,251,325,0.13,1625346178
251,251,863,0.99,1625346178
252,252,162,0.61,1655966120
253,253,774,0.89,1609267392
253,253,58,0.38,1609267392
253,253,49,0.23,1609267392
253,253,77,0.03,1609267392
253,253,60,0.41,1609267392
253,253,645,0,1609267392
253,253,528,0.29,1609267392
253,253,316,0.62,1609267392
254,254,360,0.7,1605223690
254,254,391,0.82,1605223690
254,254,592,0.02,1605223690
254,254,266,0.95,1605223690
254,254,13,0.27,1605223690
254,254,36,0.11,1605223690
254,254,252,0.77,1605223690
255,255,405,0.88,1600194467
255,255,659,0.03,1600194467
255,255,765,0.8,1600194467
256,256,374,0.32,1603814192
256,256,49,0.23,1603814192
256,256,759,0.28,1603814192
257,257,506,0.56,1598988624
257,257,507,0.58,1598988624
257,257,648,0.01,1598988624
257,257,498,0.43,1598988624
258,258,68,0.52,1609588882
259,259,285,0.69,1629986897
259,259,725,0.3,1629986897
259,259,305,0.44,1629986897
259,259,258,0.9,1629986897
259,259,621,0.05,1629986897
259,259,346,0.73,1629986897
259,259,329,0.34,1629986897
259,259,895,0.43,1629986897
259,259,907,0.85,1629986897
259,259,739,0.59,1629986897
260,260,884,0.86,1668486194
261,261,894,0.42,1640518500
261,261,295,0.89,1640518500
261,261,117,0.36,1640518500
261,261,79,0.08,1640518500
261,261,874,0.56,1640518500
261,261,291,0.8,1640518500
262,262,333,0.46,1594758791
262,262,840,0.71,1594758791
262,262,755,0.94,1594758791
262,262,309,0.49,1594758791
263,263,44,0.17,1614565200
263,263,809,0.12,1614565200
263,263,144,0.45,1614565200
263,263,293,0.83,1614565200
263,263,86,0.13,1614565200
263,263,266,0.95,1614565200
263,263,638,0.15,1614565200
263,263,598,0.04,1614565200
263,263,110,0.13,1614565200
263,263,628,0.11,1614565200
264,264,584,0.25,1590594682
264,264,570,0.97,1590594682
264,264,327,0.24,1590594682
264,264,766,0.81,1590594682
264,264,875,0.66,1590594682
264,264,277,0.38,1590594682
264,264,582,0.13,1590594682
264,264,713,0.63,1590594682
264,264,29,0.08,1590594682
265,265,611,0.07,1652488807
265,265,834,0.16,1652488807
265,265,654,0.02,1652488807
265,265,57,0.32,1652488807
265,265,607,0.07,1652488807
265,265,251,0.74,1652488807
265,265,528,0.29,1652488807
266,266,437,0.37,1654606063
266,266,679,0.59,1654606063
266,266,417,1,1654606063
266,266,897,0.58,1654606063
266,266,236,0.8,1654606063
266,266,149,0.25,1654606063
266,266,96,0.28,1654606063
267,267,310,0.51,1652677173
267,267,103,0.83,1652677173
267,267,438,0.43,1652677173
268,268,947,0.96,1612789316
268,268,603,0.06,1612789316
268,268,8,0.21,1612789316
268,268,859,0.99,1612789316
268,268,574,0.02,1612789316
269,269,554,0.72,1586876105
269,269,335,0.47,1586876105
269,269,341,0.65,1586876105
269,269,597,0.04,1586876105
269,269,472,0.4,1586876105
269,269,338,0.58,1586876105
270,270,631,0.13,1659148248
270,270,691,0.8,1659148248
270,270,462,0.75,1659148248
270,270,479,0.53,1659148248
271,271,186,0.56,1594613512
271,271,532,0.35,1594613512
271,271,43,0.17,1594613512
271,271,520,0.28,1594613512
271,271,745,0.26,1594613512
271,271,370,0.92,1594613512
271,271,261,0.91,1594613512
271,271,142,0.44,1594613512
272,272,530,0.31,1632726261
272,272,253,0.78,1632726261
273,273,39,0.12,1658081496
274,274,296,0.96,1637320155
275,275,381,0.7,1599298062
275,275,697,0.33,1599298062
275,275,409,0.97,1599298062
275,275,849,0.95,1599298062
276,276,330,0.35,1651884593
276,276,64,0.46,1651884593
276,276,281,0.62,1651884593
277,277,248,0.66,1582477373
277,277,410,0.97,1582477373
278,278,94,0.25,1579288635
278,278,131,0.31,1579288635
279,279,826,0.79,1640458405
280,280,249,0.7,1652884629
280,280,510,0.64,1652884629
280,280,148,0.05,1652884629
280,280,577,0.05,1652884629
280,280,285,0.69,1652884629
280,280,566,0.94,1652884629
280,280,290,0.78,1652884629
280,280,180,0.43,1652884629
280,280,835,0.18,1652884629
281,281,1,0.08,1617221594
281,281,651,0.01,1617221594
281,281,384,0.74,1617221594
281,281,195,0.72,1617221594
281,281,80,0.08,1617221594
281,281,411,0.98,1617221594
282,282,602,0.05,1607941117
282,282,287,0.75,1607941117
282,282,635,0.14,1607941117
282,282,427,0.25,1607941117
282,282,127,0.23,1607941117
282,282,216,0.9,1607941117
282,282,353,0.56,1607941117
282,282,21,0.5,1607941117
283,283,853,0.84,1670363152
283,283,571,0.97,1670363152
283,283,868,0.33,1670363152
283,283,159,0.46,1670363152
283,283,300,0.25,1670363152
283,283,130,0.27,1670363152
284,284,569,0.95,1672027477
284,284,205,0.62,1672027477
284,284,386,0.78,1672027477
284,284,308,0.48,1672027477
284,284,480,0.55,1672027477
285,285,697,0.33,1588886769
285,285,738,0.58,1588886769
285,285,797,0.75,1588886769
285,285,258,0.9,1588886769
285,285,314,0.59,1588886769
285,285,17,0.39,1588886769
286,286,475,0.48,1625580238
287,287,821,0.65,1593892256
287,287,120,0.69,1593892256
287,287,858,0.98,1593892256
287,287,490,0.19,1593892256
287,287,808,0.85,1593892256
288,288,330,0.35,1611198570
288,288,433,0.31,1611198570
288,288,869,0.35,1611198570
288,288,227,0.44,1611198570
289,289,145,0.45,1592381278
289,289,847,0.94,1592381278
289,289,172,0.75,1592381278
289,289,832,0.87,1592381278
289,289,725,0.3,1592381278
289,289,425,0.24,1592381278
289,289,3,0.11,1592381278
289,289,296,0.96,1592381278
290,290,661,0.04,1658787032
290,290,521,0.33,1658787032
290,290,723,0.22,1658787032
290,290,437,0.37,1658787032
290,290,565,0.93,1658787032
290,290,126,0.22,1658787032
290,290,208,0.69,1658787032
290,290,876,0.84,1658787032
291,291,298,0.23,1619140998
291,291,64,0.46,1619140998
291,291,166,0.66,1619140998
291,291,731,0.49,1619140998
291,291,549,0.29,1619140998
291,291,578,0.05,1619140998
291,291,521,0.33,1619140998
292,292,281,0.62,1601707384
292,292,300,0.25,1601707384
292,292,176,0.27,1601707384
292,292,621,0.05,1601707384
292,292,213,0.82,1601707384
292,292,510,0.64,1601707384
292,292,780,0.92,1601707384
292,292,903,0.75,1601707384
292,292,201,0.42,1601707384
292,292,292,0.81,1601707384
293,293,369,0.92,1594601400
293,293,906,0.8,1594601400
293,293,674,0.36,1594601400
293,293,272,0.99,1594601400
293,293,428,0.28,1594601400
293,293,852,0.98,1594601400
293,293,901,0.64,1594601400
293,293,883,0.82,1594601400
294,294,200,0.36,1603555766
295,295,858,0.98,1647873774
296,296,277,0.38,1611298232
296,296,912,0.36,1611298232
296,296,566,0.94,1611298232
296,296,510,0.64,1611298232
296,296,137,0.4,1611298232
296,296,278,0.39,1611298232
297,297,872,0.42,1605311575
297,297,118,0.53,1605311575
297,297,479,0.53,1605311575
297,297,287,0.75,1605311575
297,297,651,0.01,1605311575
297,297,211,0.71,1605311575
297,297,862,0.99,1605311575
297,297,324,0.13,1605311575
298,298,390,0.81,1634701530
298,298,391,0.82,1634701530
298,298,454,0.2,1634701530
298,298,843,0.88,1634701530
298,298,201,0.42,1634701530
298,298,552,0.62,1634701530
298,298,795,0.72,1634701530
299,299,151,0.3,1635222063
299,299,326,0.23,1635222063
299,299,234,0.76,1635222063
299,299,333,0.46,1635222063
299,299,179,0.4,1635222063
300,300,132,0.32,1593282997
300,300,474,0.46,1593282997
300,300,368,0.91,1593282997
300,300,302,0.36,1593282997
300,300,694,0.17,1593282997
300,300,470,0.39,1593282997
301,301,158,0.44,1580687798
301,301,810,0.29,1580687798
301,301,322,0.73,1580687798
301,301,404,0.87,1580687798
301,301,690,0.78,1580687798
301,301,241,0.87,1580687798
301,301,537,0.46,1580687798
301,301,836,0.27,1580687798
301,301,312,0.54,1580687798
302,302,45,0.21,1598259823
302,302,23,0.56,1598259823
302,302,738,0.58,1598259823
302,302,137,0.4,1598259823
302,302,697,0.33,1598259823
302,302,542,0.53,1598259823
303,303,219,0.93,1609749464
303,303,859,0.99,1609749464
303,303,16,0.38,1609749464
303,303,225,0.38,1609749464
304,304,867,0.32,1635470708
305,305,379,0.55,1589612403
305,305,611,0.07,1589612403
305,305,622,0.08,1589612403
305,305,550,0.57,1589612403
305,305,711,0.58,1589612403
306,306,880,0.77,1649425625
306,306,374,0.32,1649425625
306,306,651,0.01,1649425625
306,306,262,0.91,1649425625
306,306,588,0.59,1649425625
306,306,812,0.3,1649425625
306,306,724,0.23,1649425625
306,306,417,1,1649425625
306,306,487,0.78,1649425625
306,306,911,0.33,1649425625
307,307,888,0.96,1608412011
307,307,249,0.7,1608412011
307,307,735,0.54,1608412011
308,308,410,0.97,1587163963
308,308,322,0.73,1587163963
308,308,316,0.62,1587163963
308,308,455,0.29,1587163963
308,308,314,0.59,1587163963
308,308,838,0.58,1587163963
308,308,222,0.96,1587163963
308,308,711,0.58,1587163963
308,308,434,0.31,1587163963
309,309,623,0.09,1595487199
310,310,747,0.55,1657322643
310,310,132,0.32,1657322643
310,310,741,0.63,1657322643
310,310,448,0.11,1657322643
310,310,283,0.66,1657322643
310,310,537,0.46,1657322643
310,310,403,0.85,1657322643
310,310,565,0.93,1657322643
310,310,97,0.33,1657322643
311,311,44,0.17,1583802128
311,311,602,0.05,1583802128
311,311,171,0.74,1583802128
312,312,424,0.22,1601832583
312,312,149,0.25,1601832583
312,312,288,0.79,1601832583
313,313,634,0.14,1619160585
313,313,338,0.58,1619160585
313,313,795,0.72,1619160585
313,313,637,0.15,1619160585
313,313,373,0.3,1619160585
313,313,599,0.04,1619160585
313,313,62,0.41,1619160585
313,313,732,0.49,1619160585
313,313,214,0.82,1619160585
314,314,409,0.97,1649546006
314,314,334,0.47,1649546006
314,314,596,0.03,1649546006
314,314,890,0.27,1649546006
314,314,217,0.9,1649546006
314,314,38,0.12,1649546006
314,314,605,0.06,1649546006
314,314,51,0.04,1649546006
314,314,698,0.34,1649546006
315,315,160,0.52,1588907632
315,315,898,0.59,1588907632
315,315,304,0.43,1588907632
315,315,475,0.48,1588907632
315,315,206,0.62,1588907632
315,315,30,0.08,1588907632
315,315,694,0.17,1588907632
316,316,948,0.98,1652830265
316,316,5,0.15,1652830265
316,316,489,0.79,1652830265
316,316,245,0.89,1652830265
316,316,306,0.47,1652830265
317,317,576,0.03,1635253153
317,317,305,0.44,1635253153
317,317,292,0.81,1635253153
317,317,372,0.09,1635253153
317,317,94,0.25,1635253153
317,317,92,0.21,1635253153
317,317,144,0.45,1635253153
317,317,99,0.39,1635253153
317,317,225,0.38,1635253153
318,318,415,0.99,1611046415
318,318,823,0.71,1611046415
318,318,654,0.02,1611046415
318,318,772,0.85,1611046415
318,318,482,0.58,1611046415
319,319,761,0.66,1643269131
320,320,454,0.2,1578010017
321,321,746,0.31,1639532910
322,322,219,0.93,1650052441
322,322,255,0.84,1650052441
323,323,683,0.65,1599801661
324,324,837,0.33,1659699470
324,324,845,0.92,1659699470
324,324,851,0.97,1659699470
324,324,425,0.24,1659699470
324,324,792,0.67,1659699470
324,324,702,0.42,1659699470
324,324,166,0.66,1659699470
324,324,862,0.99,1659699470
324,324,429,0.28,1659699470
324,324,215,0.83,1659699470
325,325,211,0.71,1615804220
325,325,333,0.46,1615804220
325,325,270,0.99,1615804220
325,325,190,0.64,1615804220
325,325,258,0.9,1615804220
325,325,570,0.97,1615804220
325,325,452,0.17,1615804220
325,325,75,0.7,1615804220
325,325,807,0.85,1615804220
326,326,113,0.26,1591502089
326,326,915,0.77,1591502089
327,327,852,0.98,1581692412
327,327,910,0.16,1581692412
327,327,469,0.37,1581692412
328,328,378,0.48,1584376468
328,328,713,0.63,1584376468
328,328,801,0.76,1584376468
328,328,279,0.45,1584376468
328,328,664,0.05,1584376468
328,328,570,0.97,1584376468
328,328,46,0.21,1584376468
328,328,936,0.39,1584376468
328,328,941,0.66,1584376468
328,328,255,0.84,1584376468
329,329,804,0.79,1633564091
330,330,649,0.01,1592496561
330,330,199,0.24,1592496561
330,330,327,0.24,1592496561
330,330,942,0.79,1592496561
330,330,731,0.49,1592496561
330,330,263,0.92,1592496561
331,331,75,0.7,1598963556
331,331,566,0.94,1598963556
331,331,865,0.13,1598963556
331,331,200,0.36,1598963556
331,331,470,0.39,1598963556
332,332,559,0.86,1601212130
332,332,92,0.21,1601212130
332,332,576,0.03,1601212130
332,332,353,0.56,1601212130
332,332,156,0.37,1601212130
333,333,692,0.81,1613564173
333,333,122,0.76,1613564173
333,333,442,0.47,1613564173
333,333,605,0.06,1613564173
334,334,708,0.51,1659312339
334,334,845,0.92,1659312339
334,334,773,0.87,1659312339
335,335,76,0.02,1619149007
335,335,500,0.45,1619149007
335,335,587,0.4,1619149007
335,335,635,0.14,1619149007
335,335,7,0.18,1619149007
335,335,857,0.95,1619149007
335,335,255,0.84,1619149007
335,335,498,0.43,1619149007
335,335,177,0.3,1619149007
335,335,94,0.25,1619149007
336,336,439,0.45,1587892460
336,336,435,0.36,1587892460
336,336,246,0.9,1587892460
336,336,404,0.87,1587892460
336,336,452,0.17,1587892460
336,336,915,0.77,1587892460
336,336,336,0.52,1587892460
336,336,24,0.6,1587892460
337,337,665,0.06,1610956010
337,337,53,0.18,1610956010
337,337,427,0.25,1610956010
337,337,155,0.36,1610956010
337,337,16,0.38,1610956010
338,338,260,0.91,1664166940
338,338,635,0.14,1664166940
338,338,207,0.66,1664166940
338,338,537,0.46,1664166940
338,338,338,0.58,1664166940
338,338,78,0.04,1664166940
338,338,520,0.28,1664166940
339,339,222,0.96,1583368351
339,339,891,0.33,1583368351
339,339,695,0.26,1583368351
339,339,410,0.97,1583368351
339,339,502,0.49,1583368351
340,340,497,0.41,1610214905
340,340,197,0.73,1610214905
340,340,930,0.24,1610214905
340,340,657,0.03,1610214905
340,340,545,0.55,1610214905
340,340,21,0.5,1610214905
340,340,679,0.59,1610214905
340,340,522,0.34,1610214905
341,341,1,0.08,1672129726
341,341,475,0.48,1672129726
341,341,589,0.01,1672129726
341,341,433,0.31,1672129726
341,341,257,0.88,1672129726
342,342,26,0.01,1614372965
342,342,164,0.64,1614372965
342,342,491,0.23,1614372965
342,342,531,0.32,1614372965
342,342,867,0.32,1614372965
342,342,818,0.57,1614372965
342,342,739,0.59,1614372965
343,343,758,0.97,1582614477
344,344,3,0.11,1624251329
344,344,886,0.89,1624251329
344,344,571,0.97,1624251329
344,344,593,0.02,1624251329
344,344,889,0.16,1624251329
344,344,128,0.26,1624251329
344,344,813,0.35,1624251329
344,344,573,0.97,1624251329
345,345,289,0.79,1593287920
345,345,376,0.35,1593287920
345,345,762,0.73,1593287920
345,345,712,0.62,1593287920
345,345,696,0.32,1593287920
345,345,650,0.01,1593287920
345,345,714,0.64,1593287920
345,345,49,0.23,1593287920
345,345,119,0.61,1593287920
346,346,672,0.23,1646418942
346,346,272,0.99,1646418942
346,346,870,0.38,1646418942
346,346,318,0.67,1646418942
346,346,258,0.9,1646418942
346,346,712,0.62,1646418942
346,346,23,0.56,1646418942
346,346,892,0.35,1646418942
347,347,261,0.91,1629092075
347,347,602,0.05,1629092075
347,347,468,0.31,1629092075
347,347,773,0.87,1629092075
347,347,328,0.27,1629092075
347,347,186,0.56,1629092075
347,347,696,0.32,1629092075
348,348,659,0.03,1668284711
348,348,458,0.57,1668284711
348,348,452,0.17,1668284711
348,348,624,0.09,1668284711
348,348,668,0.07,1668284711
348,348,693,0.81,1668284711
349,349,109,0.8,1612972758
349,349,515,0.06,1612972758
350,350,718,0.69,1654087952
350,350,350,0.5,1654087952
350,350,63,0.45,1654087952
350,350,559,0.86,1654087952
350,350,872,0.42,1654087952
350,350,452,0.17,1654087952
350,350,249,0.7,1654087952
350,350,107,0.17,1654087952
350,350,938,0.42,1654087952
351,351,768,0.84,1619584805
351,351,95,0.26,1619584805
351,351,388,0.79,1619584805
351,351,942,0.79,1619584805
351,351,445,0.07,1619584805
351,351,377,0.37,1619584805
352,352,92,0.21,1640376791
352,352,661,0.04,1640376791
352,352,134,0.38,1640376791
352,352,848,0.95,1640376791
352,352,357,0.66,1640376791
352,352,720,0.1,1640376791
353,353,655,0.02,1585396811
353,353,207,0.66,1585396811
353,353,590,0.01,1585396811
353,353,687,0.71,1585396811
353,353,23,0.56,1585396811
353,353,902,0.7,1585396811
354,354,131,0.31,1626080948
354,354,465,0.2,1626080948
355,355,573,0.97,1612227058
355,355,174,0.19,1612227058
356,356,170,0.73,1597915288
357,357,936,0.39,1600288076
357,357,513,0.72,1600288076
357,357,628,0.11,1600288076
357,357,449,0.12,1600288076
357,357,854,0.9,1600288076
358,358,314,0.59,1622061339
358,358,120,0.69,1622061339
358,358,308,0.48,1622061339
358,358,513,0.72,1622061339
358,358,366,0.86,1622061339
358,358,281,0.62,1622061339
358,358,794,0.7,1622061339
358,358,847,0.94,1622061339
359,359,423,0.21,1639860536
360,360,308,0.48,1663254795
360,360,689,0.73,1663254795
360,360,496,0.41,1663254795
361,361,424,0.22,1584561874
361,361,265,0.94,1584561874
362,362,926,0.18,1583266691
362,362,589,0.01,1583266691
362,362,790,0.59,1583266691
362,362,296,0.96,1583266691
362,362,383,0.72,1583266691
362,362,803,0.78,1583266691
363,363,664,0.05,1667048349
363,363,662,0.04,1667048349
363,363,85,0.13,1667048349
363,363,77,0.03,1667048349
363,363,753,0.9,1667048349
363,363,820,0.65,1667048349
363,363,709,0.53,1667048349
363,363,46,0.21,1667048349
363,363,170,0.73,1667048349
364,364,546,0.57,1631477128
364,364,717,0.66,1631477128
364,364,501,0.48,1631477128
364,364,166,0.66,1631477128
364,364,29,0.08,1631477128
365,365,925,0.17,1613613193
365,365,393,0.83,1613613193
365,365,640,0.16,1613613193
366,366,683,0.65,1606428626
366,366,620,0.04,1606428626
366,366,362,0.75,1606428626
366,366,331,0.35,1606428626
366,366,133,0.36,1606428626
366,366,906,0.8,1606428626
366,366,12,0.26,1606428626
367,367,543,0.54,1593451602
367,367,444,0.5,1593451602
367,367,373,0.3,1593451602
367,367,768,0.84,1593451602
367,367,617,0.98,1593451602
367,367,761,0.66,1593451602
367,367,196,0.72,1593451602
367,367,884,0.86,1593451602
367,367,15,0.33,1593451602
367,367,2,0.1,1593451602
368,368,586,0.31,1659097060
369,369,56,0.3,1650952711
369,369,37,0.11,1650952711
369,369,613,0.08,1650952711
370,370,551,0.62,1607130632
370,370,290,0.78,1607130632
370,370,262,0.91,1607130632
370,370,443,0.48,1607130632
370,370,142,0.44,1607130632
370,370,889,0.16,1607130632
371,371,897,0.58,1611119106
371,371,948,0.98,1611119106
371,371,785,0.34,1611119106
371,371,650,0.01,1611119106
371,371,29,0.08,1611119106
371,371,636,0.15,1611119106
371,371,426,0.25,1611119106
371,371,619,0,1611119106
371,371,807,0.85,1611119106
371,371,180,0.43,1611119106
372,372,850,0.96,1617713088
372,372,755,0.94,1617713088
372,372,683,0.65,1617713088
372,372,179,0.4,1617713088
372,372,677,0.52,1617713088
372,372,213,0.82,1617713088
372,372,874,0.56,1617713088
372,372,109,0.8,1617713088
373,373,874,0.56,1668221095
373,373,747,0.55,1668221095
373,373,605,0.06,1668221095
373,373,633,0.14,1668221095
373,373,249,0.7,1668221095
373,373,348,0.24,1668221095
374,374,465,0.2,1615640578
374,374,428,0.28,1615640578
375,375,919,0.11,1621225330
375,375,55,0.25,1621225330
375,375,916,0.04,1621225330
375,375,679,0.59,1621225330
376,376,409,0.97,1628711677
376,376,949,0.97,1628711677
376,376,561,0.89,1628711677
376,376,831,0.85,1628711677
376,376,941,0.66,1628711677
376,376,743,0.7,1628711677
376,376,290,0.78,1628711677
377,377,542,0.53,1612861552
377,377,551,0.62,1612861552
377,377,370,0.92,1612861552
377,377,691,0.8,1612861552
377,377,787,0.52,1612861552
377,377,458,0.57,1612861552
378,378,43,0.17,1607617868
378,378,627,0.11,1607617868
378,378,108,0.21,1607617868
378,378,619,0,1607617868
378,378,811,0.29,1607617868
378,378,218,0.92,1607617868
378,378,220,0.93,1607617868
379,379,858,0.98,1654130127
379,379,254,0.82,1654130127
379,379,565,0.93,1654130127
379,379,232,0.68,1654130127
379,379,868,0.33,1654130127
379,379,130,0.27,1654130127
379,379,501,0.48,1654130127
379,379,829,0.83,1654130127
379,379,165,0.65,1654130127
379,379,4,0.14,1654130127
380,380,786,0.37,1605455876
380,380,164,0.64,1605455876
380,380,797,0.75,1605455876
380,380,830,0.83,1605455876
380,380,261,0.91,1605455876
380,380,592,0.02,1605455876
380,380,543,0.54,1605455876
380,380,94,0.25,1605455876
381,381,376,0.35,1620072868
381,381,929,0.22,1620072868
382,382,603,0.06,1661569350
382,382,905,0.79,1661569350
382,382,808,0.85,1661569350
383,383,33,0.09,1586309456
383,383,229,0.6,1586309456
383,383,872,0.42,1586309456
383,383,381,0.7,1586309456
383,383,453,0.18,1586309456
383,383,643,0.18,1586309456
383,383,593,0.02,1586309456
383,383,826,0.79,1586309456
383,383,841,0.76,1586309456
384,384,556,0.76,1586247493
384,384,599,0.04,1586247493
384,384,438,0.43,1586247493
384,384,423,0.21,1586247493
384,384,912,0.36,1586247493
384,384,546,0.57,1586247493
385,385,164,0.64,1607610921
385,385,255,0.84,1607610921
385,385,389,0.81,1607610921
385,385,107,0.17,1607610921
385,385,139,0.42,1607610921
385,385,838,0.58,1607610921
386,386,461,0.74,1618903580
386,386,893,0.41,1618903580
387,387,937,0.41,1607988345
387,387,721,0.19,1607988345
387,387,763,0.76,1607988345
387,387,914,0.59,1607988345
387,387,895,0.43,1607988345
387,387,514,0.74,1607988345
387,387,661,0.04,1607988345
387,387,172,0.75,1607988345
387,387,366,0.86,1607988345
387,387,749,0.77,1607988345
388,388,231,0.65,1658750594
388,388,36,0.11,1658750594
388,388,689,0.73,1658750594
388,388,130,0.27,1658750594
388,388,532,0.35,1658750594
389,389,299,0.23,1596832733
389,389,644,0,1596832733
389,389,571,0.97,1596832733
389,389,884,0.86,1596832733
390,390,320,0.68,1632842006
391,391,702,0.42,1629025773
391,391,37,0.11,1629025773
391,391,805,0.8,1629025773
391,391,791,0.64,1629025773
391,391,690,0.78,1629025773
391,391,229,0.6,1629025773
391,391,555,0.73,1629025773
391,391,370,0.92,1629025773
392,392,733,0.5,1592159133
392,392,865,0.13,1592159133
392,392,478,0.51,1592159133
392,392,809,0.12,1592159133
392,392,465,0.2,1592159133
393,393,893,0.41,1636109958
393,393,734,0.51,1636109958
393,393,353,0.56,1636109958
393,393,12,0.26,1636109958
393,393,932,0.27,1636109958
393,393,755,0.94,1636109958
393,393,87,0.17,1636109958
393,393,320,0.68,1636109958
393,393,218,0.92,1636109958
393,393,556,0.76,1636109958
394,394,635,0.14,1622352191
394,394,161,0.56,1622352191
395,395,159,0.46,1653359632
395,395,554,0.72,1653359632
395,395,288,0.79,1653359632
395,395,525,0.2,1653359632
395,395,727,0.37,1653359632
395,395,866,0.2,1653359632
395,395,139,0.42,1653359632
395,395,524,0.12,1653359632
396,396,93,0.22,1586573885
396,396,671,0.2,1586573885
396,396,805,0.8,1586573885
396,396,234,0.76,1586573885
396,396,397,0.38,1586573885
396,396,344,0.67,1586573885
396,396,771,0.85,1586573885
396,396,233,0.75,1586573885
396,396,790,0.59,1586573885
397,397,822,0.69,1602358086
397,397,755,0.94,1602358086
397,397,45,0.21,1602358086
397,397,496,0.41,1602358086
397,397,402,0.85,1602358086
398,398,659,0.03,1623041965
398,398,709,0.53,1623041965
399,399,620,0.04,1578410230
399,399,134,0.38,1578410230
399,399,284,0.67,1578410230
399,399,882,0.77,1578410230
400,400,764,0.77,1666644252
400,400,140,0.42,1666644252
400,400,397,0.38,1666644252
400,400,250,0.72,1666644252
400,400,723,0.22,1666644252
400,400,818,0.57,1666644252
400,400,617,0.98,1666644252
400,400,99,0.39,1666644252
400,400,770,0.84,1666644252
401,401,64,0.46,1614062014
401,401,246,0.9,1614062014
401,401,585,0.28,1614062014
401,401,708,0.51,1614062014
401,401,221,0.96,1614062014
401,401,252,0.77,1614062014
401,401,820,0.65,1614062014
401,401,15,0.33,1614062014
401,401,542,0.53,1614062014
401,401,798,0.74,1614062014
402,402,148,0.05,1578346595
402,402,234,0.76,1578346595
402,402,527,0.25,1578346595
402,402,526,0.23,1578346595
403,403,319,0.67,1668042253
403,403,221,0.96,1668042253
403,403,37,0.11,1668042253
403,403,62,0.41,1668042253
403,403,490,0.19,1668042253
403,403,928,0.21,1668042253
404,404,505,0.55,1661978184
404,404,339,0.58,1661978184
404,404,205,0.62,1661978184
404,404,721,0.19,1661978184
404,404,932,0.27,1661978184
404,404,651,0.01,1661978184
405,405,438,0.43,1579419923
405,405,147,0.5,1579419923
405,405,392,0.84,1579419923
405,405,650,0.01,1579419923
405,405,442,0.47,1579419923
405,405,418,1,1579419923
405,405,121,0.74,1579419923
405,405,5,0.15,1579419923
406,406,806,0.81,1592038403
406,406,894,0.42,1592038403
406,406,83,0.1,1592038403
406,406,267,0.95,1592038403
406,406,604,0.06,1592038403
406,406,325,0.13,1592038403
406,406,201,0.42,1592038403
406,406,221,0.96,1592038403
406,406,762,0.73,1592038403
407,407,106,0.16,1603520055
407,407,876,0.84,1603520055
408,408,782,0.93,1648034110
408,408,871,0.39,1648034110
408,408,101,0.77,1648034110
408,408,394,0.84,1648034110
408,408,214,0.82,1648034110
408,408,266,0.95,1648034110
409,409,720,0.1,1646145232
409,409,14,0.3,1646145232
409,409,129,0.26,1646145232
409,409,761,0.66,1646145232
409,409,416,1,1646145232
409,409,930,0.24,1646145232
409,409,141,0.43,1646145232
409,409,774,0.89,1646145232
409,409,487,0.78,1646145232
409,409,893,0.41,1646145232
410,410,627,0.11,1594961174
410,410,919,0.11,1594961174
411,411,357,0.66,1657448355
411,411,631,0.13,1657448355
411,411,108,0.21,1657448355
411,411,879,0.47,1657448355
411,411,395,0.86,1657448355
411,411,103,0.83,1657448355
411,411,360,0.7,1657448355
411,411,822,0.69,1657448355
411,411,331,0.35,1657448355
411,411,837,0.33,1657448355
412,412,653,0.02,1596165158
412,412,567,0.95,1596165158
412,412,190,0.64,1596165158
412,412,419,0.34,1596165158
412,412,34,0.1,1596165158
412,412,263,0.92,1596165158
412,412,322,0.73,1596165158
412,412,372,0.09,1596165158
413,413,140,0.42,1636173977
413,413,712,0.62,1636173977
413,413,39,0.12,1636173977
413,413,50,0.25,1636173977
413,413,685,0.69,1636173977
413,413,418,1,1636173977
413,413,242,0.87,1636173977
414,414,601,0.05,1612844235
415,415,636,0.15,1644048991
415,415,565,0.93,1644048991
415,415,605,0.06,1644048991
415,415,203,0.51,1644048991
415,415,235,0.79,1644048991
415,415,739,0.59,1644048991
415,415,96,0.28,1644048991
415,415,323,0.11,1644048991
415,415,392,0.84,1644048991
415,415,480,0.55,1644048991
416,416,723,0.22,1618876637
416,416,619,0,1618876637
416,416,659,0.03,1618876637
416,416,551,0.62,1618876637
416,416,500,0.45,1618876637
416,416,410,0.97,1618876637
416,416,518,0.21,1618876637
416,416,923,0.16,1618876637
417,417,40,0.14,1601986112
418,418,915,0.77,1660042890
418,418,260,0.91,1660042890
418,418,281,0.62,1660042890
418,418,35,0.1,1660042890
418,418,256,0.88,1660042890
418,418,384,0.74,1660042890
418,418,886,0.89,1660042890
418,418,580,0.06,1660042890
418,418,405,0.88,1660042890
418,418,779,0.92,1660042890
419,419,937,0.41,1653579055
419,419,154,0.35,1653579055
419,419,889,0.16,1653579055
419,419,420,0.1,1653579055
419,419,423,0.21,1653579055
419,419,337,0.55,1653579055
419,419,664,0.05,1653579055
419,419,923,0.16,1653579055
419,419,739,0.59,1653579055
419,419,195,0.72,1653579055
420,420,716,0.65,1671735338
420,420,632,0.14,1671735338
420,420,539,0.49,1671735338
421,421,224,0.32,1663182621
421,421,388,0.79,1663182621
421,421,867,0.32,1663182621
421,421,474,0.46,1663182621
421,421,128,0.26,1663182621
421,421,451,0.14,1663182621
422,422,276,0.32,1659919507
422,422,221,0.96,1659919507
423,423,653,0.02,1613064144
424,424,511,0.68,1593298304
424,424,32,0.09,1593298304
424,424,154,0.35,1593298304
424,424,674,0.36,1593298304
424,424,7,0.18,1593298304
424,424,765,0.8,1593298304
424,424,308,0.48,1593298304
424,424,818,0.57,1593298304
424,424,728,0.37,1593298304
425,425,263,0.92,1666454653
425,425,95,0.26,1666454653
425,425,585,0.28,1666454653
425,425,220,0.93,1666454653
425,425,782,0.93,1666454653
425,425,148,0.05,1666454653
425,425,54,0.22,1666454653
425,425,487,0.78,1666454653
425,425,454,0.2,1666454653
426,426,402,0.85,1668294183
426,426,778,0.91,1668294183
426,426,89,0.18,1668294183
426,426,413,0.98,1668294183
426,426,535,0.4,1668294183
426,426,850,0.96,1668294183
427,427,113,0.26,1657826858
428,428,747,0.55,1583640739
428,428,851,0.97,1583640739
428,428,351,0.53,1583640739
428,428,472,0.4,1583640739
428,428,846,0.93,1583640739
428,428,441,0.47,1583640739
429,429,483,0.58,1656692552
429,429,291,0.8,1656692552
429,429,463,0.84,1656692552
429,429,219,0.93,1656692552
429,429,277,0.38,1656692552
429,429,468,0.31,1656692552
429,429,385,0.75,1656692552
429,429,529,0.29,1656692552
429,429,68,0.52,1656692552
429,429,384,0.74,1656692552
430,430,844,0.88,1657062936
430,430,159,0.46,1657062936
430,430,604,0.06,1657062936
430,430,671,0.2,1657062936
430,430,200,0.36,1657062936
430,430,96,0.28,1657062936
430,430,501,0.48,1657062936
430,430,660,0.03,1657062936
430,430,545,0.55,1657062936
431,431,477,0.48,1654462251
432,432,243,0.89,1659089630
432,432,281,0.62,1659089630
432,432,483,0.58,1659089630
432,432,872,0.42,1659089630
433,433,493,0.3,1669536103
433,433,381,0.7,1669536103
433,433,28,0.05,1669536103
434,434,366,0.86,1658631989
435,435,853,0.84,1604596570
435,435,792,0.67,1604596570
435,435,894,0.42,1604596570
435,435,456,0.44,1604596570
435,435,167,0.67,1604596570
435,435,305,0.44,1604596570
435,435,707,0.49,1604596570
435,435,228,0.53,1604596570
435,435,580,0.06,1604596570
436,436,369,0.92,1627103174
436,436,123,0.15,1627103174
436,436,561,0.89,1627103174
436,436,162,0.61,1627103174
436,436,650,0.01,1627103174
436,436,516,0.2,1627103174
436,436,272,0.99,1627103174
436,436,496,0.41,1627103174
437,437,67,0.5,1635703757
437,437,271,0.99,1635703757
437,437,573,0.97,1635703757
437,437,517,0.2,1635703757
437,437,893,0.41,1635703757
437,437,345,0.72,1635703757
438,438,797,0.75,1658697865
439,439,572,0.97,1662373248
439,439,537,0.46,1662373248
439,439,714,0.64,1662373248
439,439,102,0.77,1662373248
439,439,632,0.14,1662373248
439,439,263,0.92,1662373248
439,439,374,0.32,1662373248
439,439,25,0.65,1662373248
440,440,636,0.15,1616327323
440,440,718,0.69,1616327323
440,440,829,0.83,1616327323
440,440,402,0.85,1616327323
440,440,41,0.14,1616327323
440,440,128,0.26,1616327323
440,440,797,0.75,1616327323
440,440,252,0.77,1616327323
441,441,948,0.98,1642208367
441,441,764,0.77,1642208367
441,441,182,0.45,1642208367
442,442,824,0.73,1597946711
442,442,566,0.94,1597946711
442,442,928,0.21,1597946711
442,442,128,0.26,1597946711
442,442,946,0.91,1597946711
442,442,829,0.83,1597946711
443,443,105,0.1,1667153068
443,443,895,0.43,1667153068
443,443,611,0.07,1667153068
443,443,897,0.58,1667153068
443,443,64,0.46,1667153068
443,443,514,0.74,1667153068
443,443,339,0.58,1667153068
443,443,593,0.02,1667153068
443,443,720,0.1,1667153068
444,444,362,0.75,1643257566
444,444,199,0.24,1643257566
444,444,91,0.19,1643257566
444,444,567,0.95,1643257566
444,444,613,0.08,1643257566
444,444,510,0.64,1643257566
445,445,704,0.44,1651938445
446,446,256,0.88,1613108310
446,446,536,0.46,1613108310
446,446,52,0.16,1613108310
446,446,54,0.22,1613108310
447,447,896,0.52,1613958577
447,447,349,0.26,1613958577
447,447,212,0.78,1613958577
447,447,704,0.44,1613958577
447,447,497,0.41,1613958577
447,447,341,0.65,1613958577
447,447,487,0.78,1613958577
447,447,415,0.99,1613958577
447,447,693,0.81,1613958577
448,448,238,0.85,1636732927
448,448,881,0.71,1636732927
448,448,599,0.04,1636732927
448,448,823,0.71,1636732927
448,448,947,0.96,1636732927
448,448,583,0.15,1636732927
448,448,155,0.36,1636732927
448,448,757,0.96,1636732927
448,448,628,0.11,1636732927
449,449,782,0.93,1597025009
449,449,742,0.68,1597025009
450,450,939,0.54,1585202613
450,450,18,0.46,1585202613
450,450,319,0.67,1585202613
450,450,811,0.29,1585202613
450,450,455,0.29,1585202613
450,450,579,0.06,1585202613
450,450,802,0.77,1585202613
451,451,611,0.07,1643942541
451,451,681,0.61,1643942541
451,451,321,0.71,1643942541
451,451,495,0.4,1643942541
451,451,726,0.37,1643942541
451,451,257,0.88,1643942541
451,451,55,0.25,1643942541
452,452,447,0.11,1632483153
452,452,64,0.46,1632483153
452,452,71,0.52,1632483153
452,452,169,0.73,1632483153
452,452,633,0.14,1632483153
452,452,83,0.1,1632483153
452,452,521,0.33,1632483153
452,452,485,0.7,1632483153
452,452,227,0.44,1632483153
453,453,861,0.99,1613159350
453,453,701,0.4,1613159350
453,453,634,0.14,1613159350
453,453,917,0.09,1613159350
453,453,135,0.39,1613159350
454,454,526,0.23,1586570063
454,454,379,0.55,1586570063
454,454,660,0.03,1586570063
455,455,780,0.92,1590143490
455,455,620,0.04,1590143490
455,455,749,0.77,1590143490
455,455,113,0.26,1590143490
455,455,432,0.29,1590143490
455,455,27,0.03,1590143490
455,455,616,0.96,1590143490
455,455,930,0.24,1590143490
455,455,606,0.07,1590143490
456,456,547,0.6,1659739492
456,456,665,0.06,1659739492
456,456,177,0.3,1659739492
456,456,190,0.64,1659739492
456,456,212,0.78,1659739492
456,456,661,0.04,1659739492
456,456,173,0.15,1659739492
456,456,630,0.12,1659739492
456,456,248,0.66,1659739492
457,457,227,0.44,1600328872
457,457,265,0.94,1600328872
457,457,492,0.28,1600328872
457,457,328,0.27,1600328872
457,457,362,0.75,1600328872
457,457,716,0.65,1600328872
457,457,334,0.47,1600328872
457,457,107,0.17,1600328872
457,457,562,0.91,1600328872
457,457,80,0.08,1600328872
458,458,883,0.82,1613392378
458,458,885,0.86,1613392378
458,458,324,0.13,1613392378
458,458,816,0.44,1613392378
458,458,226,0.44,1613392378
458,458,928,0.21,1613392378
458,458,478,0.51,1613392378
459,459,822,0.69,1598133709
459,459,658,0.03,1598133709
459,459,390,0.81,1598133709
459,459,484,0.61,1598133709
459,459,887,0.94,1598133709
460,460,810,0.29,1592662592
460,460,796,0.74,1592662592
460,460,110,0.13,1592662592
460,460,237,0.83,1592662592
460,460,812,0.3,1592662592
460,460,248,0.66,1592662592
460,460,486,0.74,1592662592
461,461,425,0.24,1601156201
461,461,335,0.47,1601156201
462,462,766,0.81,1663506756
462,462,169,0.73,1663506756
462,462,749,0.77,1663506756
462,462,356,0.63,1663506756
462,462,551,0.62,1663506756
462,462,737,0.56,1663506756
462,462,94,0.25,1663506756
462,462,403,0.85,1663506756
463,463,498,0.43,1639878788
464,464,45,0.21,1667110462
464,464,600,0.05,1667110462
464,464,811,0.29,1667110462
464,464,19,0.48,1667110462
464,464,640,0.16,1667110462
464,464,442,0.47,1667110462
464,464,429,0.28,1667110462
464,464,145,0.45,1667110462
464,464,69,0.53,1667110462
464,464,39,0.12,1667110462
465,465,286,0.74,1588910422
465,465,231,0.65,1588910422
465,465,806,0.81,1588910422
466,466,355,0.63,1671106355
466,466,493,0.3,1671106355
466,466,410,0.97,1671106355
466,466,720,0.1,1671106355
466,466,819,0.63,1671106355
466,466,803,0.78,1671106355
466,466,897,0.58,1671106355
466,466,684,0.66,1671106355
467,467,109,0.8,1634355124
467,467,429,0.28,1634355124
467,467,171,0.74,1634355124
468,468,469,0.37,1580763161
468,468,124,0.19,1580763161
468,468,266,0.95,1580763161
468,468,278,0.39,1580763161
468,468,718,0.69,1580763161
468,468,844,0.88,1580763161
468,468,833,0.87,1580763161
468,468,908,0.86,1580763161
468,468,224,0.32,1580763161
469,469,770,0.84,1660734452
469,469,195,0.72,1660734452
469,469,801,0.76,1660734452
469,469,34,0.1,1660734452
469,469,552,0.62,1660734452
469,469,170,0.73,1660734452
469,469,900,0.62,1660734452
469,469,37,0.11,1660734452
469,469,526,0.23,1660734452
470,470,445,0.07,1650586563
470,470,699,0.34,1650586563
470,470,99,0.39,1650586563
470,470,564,0.93,1650586563
470,470,756,0.95,1650586563
470,470,488,0.78,1650586563
470,470,345,0.72,1650586563
470,470,390,0.81,1650586563
471,471,438,0.43,1631023136
471,471,774,0.89,1631023136
471,471,41,0.14,1631023136
471,471,530,0.31,1631023136
471,471,575,0.02,1631023136
471,471,67,0.5,1631023136
471,471,742,0.68,1631023136
471,471,555,0.73,1631023136
472,472,817,0.46,1608436792
473,473,106,0.16,1672542076
473,473,653,0.02,1672542076
473,473,351,0.53,1672542076
473,473,760,0.42,1672542076
473,473,815,0.42,1672542076
473,473,886,0.89,1672542076
473,473,481,0.57,1672542076
473,473,943,0.83,1672542076
474,474,176,0.27,1619344819
474,474,791,0.64,1619344819
474,474,834,0.16,1619344819
474,474,725,0.3,1619344819
474,474,945,0.86,1619344819
474,474,509,0.63,1619344819
474,474,370,0.92,1619344819
474,474,765,0.8,1619344819
475,475,866,0.2,1652978170
476,476,247,0.91,1625637533
476,476,582,0.13,1625637533
476,476,3,0.11,1625637533
476,476,135,0.39,1625637533
476,476,87,0.17,1625637533
476,476,61,0.41,1625637533
476,476,686,0.7,1625637533
476,476,249,0.7,1625637533
476,476,304,0.43,1625637533
477,477,431,0.29,1589720064
478,478,422,0.19,1588390743
478,478,849,0.95,1588390743
478,478,150,0.28,1588390743
478,478,126,0.22,1588390743
478,478,216,0.9,1588390743
478,478,256,0.88,1588390743
478,478,821,0.65,1588390743
478,478,450,0.13,1588390743
478,478,204,0.56,1588390743
478,478,177,0.3,1588390743
479,479,535,0.4,1624182578
479,479,67,0.5,1624182578
480,480,185,0.54,1661197612
480,480,535,0.4,1661197612
480,480,905,0.79,1661197612
480,480,656,0.03,1661197612
481,481,421,0.12,1581073954
481,481,818,0.57,1581073954
481,481,605,0.06,1581073954
481,481,580,0.06,1581073954
481,481,694,0.17,1581073954
481,481,745,0.26,1581073954
482,482,743,0.7,1596350345
483,483,77,0.03,1655666779
483,483,3,0.11,1655666779
483,483,719,0.07,1655666779
484,484,217,0.9,1664616660
484,484,36,0.11,1664616660
484,484,548,0.61,1664616660
484,484,682,0.64,1664616660
484,484,290,0.78,1664616660
485,485,276,0.32,1583388140
485,485,637,0.15,1583388140
485,485,406,0.93,1583388140
485,485,396,0.87,1583388140
485,485,413,0.98,1583388140
485,485,141,0.43,1583388140
485,485,230,0.64,1583388140
485,485,579,0.06,1583388140
485,485,822,0.69,1583388140
485,485,29,0.08,1583388140
486,486,842,0.8,1626065554
486,486,177,0.3,1626065554
486,486,410,0.97,1626065554
486,486,552,0.62,1626065554
486,486,662,0.04,1626065554
486,486,585,0.28,1626065554
487,487,525,0.2,1578561619
487,487,714,0.64,1578561619
487,487,134,0.38,1578561619
487,487,739,0.59,1578561619
487,487,43,0.17,1578561619
488,488,461,0.74,1619514854
488,488,528,0.29,1619514854
489,489,625,0.1,1641045587
489,489,455,0.29,1641045587
489,489,340,0.62,1641045587
489,489,838,0.58,1641045587
489,489,934,0.3,1641045587
489,489,493,0.3,1641045587
490,490,740,0.63,1587936750
490,490,746,0.31,1587936750
490,490,24,0.6,1587936750
491,491,368,0.91,1623629621
491,491,183,0.5,1623629621
491,491,74,0.63,1623629621
491,491,211,0.71,1623629621
491,491,482,0.58,1623629621
491,491,39,0.12,1623629621
492,492,712,0.62,1587518414
492,492,210,0.71,1587518414
492,492,282,0.62,1587518414
492,492,425,0.24,1587518414
492,492,70,0.52,1587518414
492,492,836,0.27,1587518414
492,492,458,0.57,1587518414
492,492,890,0.27,1587518414
492,492,363,0.82,1587518414
493,493,546,0.57,1615403950
493,493,113,0.26,1615403950
493,493,174,0.19,1615403950
493,493,187,0.57,1615403950
494,494,229,0.6,1670864385
494,494,470,0.39,1670864385
495,495,706,0.49,1629097337
495,495,726,0.37,1629097337
495,495,739,0.59,1629097337
495,495,128,0.26,1629097337
495,495,237,0.83,1629097337
495,495,647,0.01,1629097337
495,495,464,0.88,1629097337
496,496,531,0.32,1620522586
496,496,487,0.78,1620522586
496,496,750,0.81,1620522586
496,496,437,0.37,1620522586
496,496,602,0.05,1620522586
496,496,938,0.42,1620522586
496,496,190,0.64,1620522586
496,496,175,0.26,1620522586
496,496,579,0.06,1620522586
497,497,247,0.91,1602924788
497,497,62,0.41,1602924788
497,497,472,0.4,1602924788
498,498,640,0.16,1610055757
498,498,705,0.46,1610055757
499,499,151,0.3,1648526635
499,499,920,0.14,1648526635
499,499,637,0.15,1648526635
499,499,605,0.06,1648526635
499,499,752,0.87,1648526635
499,499,789,0.53,1648526635
499,499,451,0.14,1648526635
500,500,753,0.9,1595682842
500,500,78,0.04,1595682842
500,500,60,0.41,1595682842
500,500,748,0.6,1595682842
500,500,314,0.59,1595682842
500,500,295,0.89,1595682842
500,500,699,0.34,1595682842
500,500,716,0.65,1595682842
500,500,144,0.45,1595682842
500,500,558,0.81,1595682842
